,date,close,high,low,open,volume,adjClose,adjHigh,adjLow,adjOpen,adjVolume,divCash,splitFactor
0,2019-03-26T00:00:00.000Z,34.9,37.99,34.0,37.99,35281,34.9,37.99,34.0,37.99,35281,0.0,1.0
1,2019-03-27T00:00:00.000Z,17.0,33.5,14.2,33.5,1143598,17.0,33.5,14.2,33.5,1143598,0.0,1.0
2,2019-03-28T00:00:00.000Z,14.51,18.5,14.48,18.5,332093,14.51,18.5,14.48,18.5,332093,0.0,1.0
3,2019-03-29T00:00:00.000Z,13.69,14.51,11.9,14.0,574120,13.69,14.51,11.9,14.0,574120,0.0,1.0
4,2019-04-01T00:00:00.000Z,12.47,14.89,12.35,14.08,339847,12.47,14.89,12.35,14.08,339847,0.0,1.0
5,2019-04-02T00:00:00.000Z,14.01,14.74,12.89,12.89,264170,14.01,14.74,12.89,12.89,264170,0.0,1.0
6,2019-04-03T00:00:00.000Z,5.52,15.95,5.27,14.47,2911058,5.52,15.95,5.27,14.47,2911058,0.0,1.0
7,2019-04-04T00:00:00.000Z,6.02,6.44,5.0,5.79,1380497,6.02,6.44,5.0,5.79,1380497,0.0,1.0
8,2019-04-05T00:00:00.000Z,5.75,6.05,5.45,5.75,987181,5.75,6.05,5.45,5.75,987181,0.0,1.0
9,2019-04-08T00:00:00.000Z,5.27,5.75,5.25,5.75,423497,5.27,5.75,5.25,5.75,423497,0.0,1.0
10,2019-04-09T00:00:00.000Z,5.4,5.82,5.21,5.49,631404,5.4,5.82,5.21,5.49,631404,0.0,1.0
11,2019-04-10T00:00:00.000Z,5.22,5.589,5.12,5.56,261848,5.22,5.589,5.12,5.56,261848,0.0,1.0
12,2019-04-11T00:00:00.000Z,8.88,9.26,5.3,5.42,6269793,8.88,9.26,5.3,5.42,6269793,0.0,1.0
13,2019-04-12T00:00:00.000Z,8.19,11.2,7.7,9.34,5313384,8.19,11.2,7.7,9.34,5313384,0.0,1.0
14,2019-04-15T00:00:00.000Z,9.13,9.7,8.56,9.51,2219355,9.13,9.7,8.56,9.51,2219355,0.0,1.0
15,2019-04-16T00:00:00.000Z,7.75,9.34,7.4,9.34,911491,7.75,9.34,7.4,9.34,911491,0.0,1.0
16,2019-04-17T00:00:00.000Z,6.98,7.94,6.39,7.75,599113,6.98,7.94,6.39,7.75,599113,0.0,1.0
17,2019-04-18T00:00:00.000Z,7.45,8.13,6.55,6.92,706812,7.45,8.13,6.55,6.92,706812,0.0,1.0
18,2019-04-22T00:00:00.000Z,7.51,7.78,7.16,7.45,171737,7.51,7.78,7.16,7.45,171737,0.0,1.0
19,2019-04-23T00:00:00.000Z,7.2,7.71,7.0,7.6,192710,7.2,7.71,7.0,7.6,192710,0.0,1.0
20,2019-04-24T00:00:00.000Z,7.68,9.1,7.05,7.3,1076198,7.68,9.1,7.05,7.3,1076198,0.0,1.0
21,2019-04-25T00:00:00.000Z,8.08,8.49,7.71,7.82,676493,8.08,8.49,7.71,7.82,676493,0.0,1.0
22,2019-04-26T00:00:00.000Z,7.88,8.3,7.55,8.3,235990,7.88,8.3,7.55,8.3,235990,0.0,1.0
23,2019-04-29T00:00:00.000Z,8.3,8.636,7.7,7.88,564180,8.3,8.636,7.7,7.88,564180,0.0,1.0
24,2019-04-30T00:00:00.000Z,8.1,8.463,7.88,8.3,204889,8.1,8.463,7.88,8.3,204889,0.0,1.0
25,2019-05-01T00:00:00.000Z,8.43,8.83,8.22,8.81,984131,8.43,8.83,8.22,8.81,984131,0.0,1.0
26,2019-05-02T00:00:00.000Z,8.18,8.4,7.9,8.35,243398,8.18,8.4,7.9,8.35,243398,0.0,1.0
27,2019-05-03T00:00:00.000Z,8.29,8.5,7.98,8.23,268057,8.29,8.5,7.98,8.23,268057,0.0,1.0
28,2019-05-06T00:00:00.000Z,7.65,8.188,7.65,7.82,251311,7.65,8.188,7.65,7.82,251311,0.0,1.0
29,2019-05-07T00:00:00.000Z,7.58,8.0,7.55,7.83,154729,7.58,8.0,7.55,7.83,154729,0.0,1.0
30,2019-05-08T00:00:00.000Z,7.34,7.68,7.153,7.6,214549,7.34,7.68,7.153,7.6,214549,0.0,1.0
31,2019-05-09T00:00:00.000Z,7.1,7.36,6.9,7.18,153386,7.1,7.36,6.9,7.18,153386,0.0,1.0
32,2019-05-10T00:00:00.000Z,7.48,7.67,7.13,7.16,189751,7.48,7.67,7.13,7.16,189751,0.0,1.0
33,2019-05-13T00:00:00.000Z,7.25,7.3,7.0,7.21,121744,7.25,7.3,7.0,7.21,121744,0.0,1.0
34,2019-05-14T00:00:00.000Z,7.65,7.65,7.25,7.3,116937,7.65,7.65,7.25,7.3,116937,0.0,1.0
35,2019-05-15T00:00:00.000Z,7.33,7.74,7.31,7.4,162106,7.33,7.74,7.31,7.4,162106,0.0,1.0
36,2019-05-16T00:00:00.000Z,6.9,7.58,6.75,7.45,231022,6.9,7.58,6.75,7.45,231022,0.0,1.0
37,2019-05-17T00:00:00.000Z,6.02,6.887,5.9,6.81,472425,6.02,6.887,5.9,6.81,472425,0.0,1.0
38,2019-05-20T00:00:00.000Z,5.62,6.091,5.55,5.95,176699,5.62,6.091,5.55,5.95,176699,0.0,1.0
39,2019-05-21T00:00:00.000Z,5.58,5.99,5.5,5.99,178219,5.58,5.99,5.5,5.99,178219,0.0,1.0
40,2019-05-22T00:00:00.000Z,5.17,5.6,5.15,5.56,285484,5.17,5.6,5.15,5.56,285484,0.0,1.0
41,2019-05-23T00:00:00.000Z,5.06,5.17,4.99,5.17,249936,5.06,5.17,4.99,5.17,249936,0.0,1.0
42,2019-05-24T00:00:00.000Z,5.02,5.24,4.75,5.13,334268,5.02,5.24,4.75,5.13,334268,0.0,1.0
43,2019-05-28T00:00:00.000Z,4.94,5.05,4.8,5.01,87778,4.94,5.05,4.8,5.01,87778,0.0,1.0
44,2019-05-29T00:00:00.000Z,4.95,5.0,4.712,4.8,133634,4.95,5.0,4.712,4.8,133634,0.0,1.0
45,2019-05-30T00:00:00.000Z,5.0,5.19,4.93,5.03,305104,5.0,5.19,4.93,5.03,305104,0.0,1.0
46,2019-05-31T00:00:00.000Z,4.83,4.99,4.76,4.9,100323,4.83,4.99,4.76,4.9,100323,0.0,1.0
47,2019-06-03T00:00:00.000Z,4.57,4.89,4.57,4.84,112538,4.57,4.89,4.57,4.84,112538,0.0,1.0
48,2019-06-04T00:00:00.000Z,4.55,4.7796,4.4511,4.6,171849,4.55,4.7796,4.4511,4.6,171849,0.0,1.0
49,2019-06-05T00:00:00.000Z,4.42,4.64,4.36,4.59,153419,4.42,4.64,4.36,4.59,153419,0.0,1.0
50,2019-06-06T00:00:00.000Z,4.16,4.5,4.15,4.43,146349,4.16,4.5,4.15,4.43,146349,0.0,1.0
51,2019-06-07T00:00:00.000Z,4.24,4.32,4.1372,4.17,103614,4.24,4.32,4.1372,4.17,103614,0.0,1.0
52,2019-06-10T00:00:00.000Z,4.42,5.0,4.2,4.27,466868,4.42,5.0,4.2,4.27,466868,0.0,1.0
53,2019-06-11T00:00:00.000Z,4.29,4.59,4.21,4.38,160266,4.29,4.59,4.21,4.38,160266,0.0,1.0
54,2019-06-12T00:00:00.000Z,4.39,4.5,4.259,4.29,156548,4.39,4.5,4.259,4.29,156548,0.0,1.0
55,2019-06-13T00:00:00.000Z,4.35,4.44,4.28,4.38,75061,4.35,4.44,4.28,4.38,75061,0.0,1.0
56,2019-06-14T00:00:00.000Z,4.2,4.5,4.13,4.35,158165,4.2,4.5,4.13,4.35,158165,0.0,1.0
57,2019-06-17T00:00:00.000Z,3.92,4.362,3.84,4.21,166656,3.92,4.362,3.84,4.21,166656,0.0,1.0
58,2019-06-18T00:00:00.000Z,3.81,4.08,3.8,3.92,199690,3.81,4.08,3.8,3.92,199690,0.0,1.0
59,2019-06-19T00:00:00.000Z,3.51,3.85,3.5,3.81,250945,3.51,3.85,3.5,3.81,250945,0.0,1.0
60,2019-06-20T00:00:00.000Z,3.61,5.5,3.57,3.6,2677123,3.61,5.5,3.57,3.6,2677123,0.0,1.0
61,2019-06-21T00:00:00.000Z,3.61,3.97,3.56,3.65,329229,3.61,3.97,3.56,3.65,329229,0.0,1.0
62,2019-06-24T00:00:00.000Z,3.19,3.65,3.15,3.62,329940,3.19,3.65,3.15,3.62,329940,0.0,1.0
63,2019-06-25T00:00:00.000Z,3.28,3.89,3.23,3.59,2221563,3.28,3.89,3.23,3.59,2221563,0.0,1.0
64,2019-06-26T00:00:00.000Z,2.93,3.39,2.8,3.25,910354,2.93,3.39,2.8,3.25,910354,0.0,1.0
65,2019-06-27T00:00:00.000Z,2.59,2.93,2.55,2.86,756187,2.59,2.93,2.55,2.86,756187,0.0,1.0
66,2019-06-28T00:00:00.000Z,3.11,3.86,2.691,2.84,5465249,3.11,3.86,2.691,2.84,5465249,0.0,1.0
67,2019-07-01T00:00:00.000Z,2.88,3.09,2.8,3.08,1070444,2.88,3.09,2.8,3.08,1070444,0.0,1.0
68,2019-07-02T00:00:00.000Z,2.68,2.936,2.6,2.86,1104267,2.68,2.936,2.6,2.86,1104267,0.0,1.0
69,2019-07-03T00:00:00.000Z,2.42,2.65,2.4,2.62,1200831,2.42,2.65,2.4,2.62,1200831,0.0,1.0
70,2019-07-05T00:00:00.000Z,2.18,2.4,2.11,2.4,1410795,2.18,2.4,2.11,2.4,1410795,0.0,1.0
71,2019-07-08T00:00:00.000Z,2.05,2.38,2.01,2.3,2159369,2.05,2.38,2.01,2.3,2159369,0.0,1.0
72,2019-07-09T00:00:00.000Z,2.24,2.3,1.9,2.05,2309939,2.24,2.3,1.9,2.05,2309939,0.0,1.0
73,2019-07-10T00:00:00.000Z,2.07,2.23,2.05,2.12,1217959,2.07,2.23,2.05,2.12,1217959,0.0,1.0
74,2019-07-11T00:00:00.000Z,2.12,2.18,1.97,2.03,1078423,2.12,2.18,1.97,2.03,1078423,0.0,1.0
75,2019-07-12T00:00:00.000Z,2.04,2.15,1.98,2.07,1189834,2.04,2.15,1.98,2.07,1189834,0.0,1.0
76,2019-07-15T00:00:00.000Z,2.08,2.12,1.99,2.06,707453,2.08,2.12,1.99,2.06,707453,0.0,1.0
77,2019-07-16T00:00:00.000Z,2.38,2.41,2.06,2.08,1544258,2.38,2.41,2.06,2.08,1544258,0.0,1.0
78,2019-07-17T00:00:00.000Z,2.09,2.34,2.0,2.31,1148417,2.09,2.34,2.0,2.31,1148417,0.0,1.0
79,2019-07-18T00:00:00.000Z,2.04,2.13,2.02,2.05,560711,2.04,2.13,2.02,2.05,560711,0.0,1.0
80,2019-07-19T00:00:00.000Z,2.01,2.1,1.955,2.06,737033,2.01,2.1,1.955,2.06,737033,0.0,1.0
81,2019-07-22T00:00:00.000Z,1.84,2.05,1.82,2.01,875095,1.84,2.05,1.82,2.01,875095,0.0,1.0
82,2019-07-23T00:00:00.000Z,1.71,1.91,1.68,1.85,809728,1.71,1.91,1.68,1.85,809728,0.0,1.0
83,2019-07-24T00:00:00.000Z,1.85,1.88,1.63,1.69,534213,1.85,1.88,1.63,1.69,534213,0.0,1.0
84,2019-07-25T00:00:00.000Z,1.7,1.84,1.66,1.83,464378,1.7,1.84,1.66,1.83,464378,0.0,1.0
85,2019-07-26T00:00:00.000Z,1.74,1.82,1.7,1.7,215930,1.74,1.82,1.7,1.7,215930,0.0,1.0
86,2019-07-29T00:00:00.000Z,1.67,1.77,1.65,1.76,247602,1.67,1.77,1.65,1.76,247602,0.0,1.0
87,2019-07-30T00:00:00.000Z,1.66,1.67,1.61,1.64,209933,1.66,1.67,1.61,1.64,209933,0.0,1.0
88,2019-07-31T00:00:00.000Z,1.71,1.86,1.65,1.68,656440,1.71,1.86,1.65,1.68,656440,0.0,1.0
89,2019-08-01T00:00:00.000Z,1.7,1.78,1.67,1.71,417604,1.7,1.78,1.67,1.71,417604,0.0,1.0
90,2019-08-02T00:00:00.000Z,1.62,1.701,1.6,1.69,623419,1.62,1.701,1.6,1.69,623419,0.0,1.0
91,2019-08-05T00:00:00.000Z,1.49,1.64,1.45,1.64,367558,1.49,1.64,1.45,1.64,367558,0.0,1.0
92,2019-08-06T00:00:00.000Z,1.44,1.51,1.42,1.51,212869,1.44,1.51,1.42,1.51,212869,0.0,1.0
93,2019-08-07T00:00:00.000Z,1.51,1.58,1.37,1.42,394950,1.51,1.58,1.37,1.42,394950,0.0,1.0
94,2019-08-08T00:00:00.000Z,1.8,1.84,1.528,1.6,835904,1.8,1.84,1.528,1.6,835904,0.0,1.0
95,2019-08-09T00:00:00.000Z,1.71,1.9,1.66,1.83,632852,1.71,1.9,1.66,1.83,632852,0.0,1.0
96,2019-08-12T00:00:00.000Z,1.69,1.754,1.637,1.72,339495,1.69,1.754,1.637,1.72,339495,0.0,1.0
97,2019-08-13T00:00:00.000Z,1.71,1.78,1.59,1.72,611805,1.71,1.78,1.59,1.72,611805,0.0,1.0
98,2019-08-14T00:00:00.000Z,1.4,1.5,1.33,1.5,763417,1.4,1.5,1.33,1.5,763417,0.0,1.0
99,2019-08-15T00:00:00.000Z,1.13,1.39,1.11,1.35,1119378,1.13,1.39,1.11,1.35,1119378,0.0,1.0
100,2019-08-16T00:00:00.000Z,1.26,1.6,1.2,1.29,2202310,1.26,1.6,1.2,1.29,2202310,0.0,1.0
101,2019-08-19T00:00:00.000Z,1.19,1.34,1.14,1.33,903415,1.19,1.34,1.14,1.33,903415,0.0,1.0
102,2019-08-20T00:00:00.000Z,1.22,1.27,1.14,1.23,970309,1.22,1.27,1.14,1.23,970309,0.0,1.0
103,2019-08-21T00:00:00.000Z,1.31,1.55,1.16,1.23,2254554,1.31,1.55,1.16,1.23,2254554,0.0,1.0
104,2019-08-22T00:00:00.000Z,1.28,1.39,1.22,1.33,686743,1.28,1.39,1.22,1.33,686743,0.0,1.0
105,2019-08-23T00:00:00.000Z,1.4,1.48,1.23,1.29,1038905,1.4,1.48,1.23,1.29,1038905,0.0,1.0
106,2019-08-26T00:00:00.000Z,1.79,1.88,1.4,1.47,3473234,1.79,1.88,1.4,1.47,3473234,0.0,1.0
107,2019-08-27T00:00:00.000Z,1.52,1.87,1.24,1.79,2114249,1.52,1.87,1.24,1.79,2114249,0.0,1.0
108,2019-08-28T00:00:00.000Z,1.52,1.6,1.45,1.52,597714,1.52,1.6,1.45,1.52,597714,0.0,1.0
109,2019-08-29T00:00:00.000Z,1.51,1.6,1.45,1.54,625274,1.51,1.6,1.45,1.54,625274,0.0,1.0
110,2019-08-30T00:00:00.000Z,1.5,1.64,1.47,1.52,786334,1.5,1.64,1.47,1.52,786334,0.0,1.0
111,2019-09-03T00:00:00.000Z,1.52,1.65,1.49,1.5,841490,1.52,1.65,1.49,1.5,841490,0.0,1.0
112,2019-09-04T00:00:00.000Z,1.55,1.59,1.51,1.52,545275,1.55,1.59,1.51,1.52,545275,0.0,1.0
113,2019-09-05T00:00:00.000Z,1.67,1.74,1.57,1.57,851859,1.67,1.74,1.57,1.57,851859,0.0,1.0
114,2019-09-06T00:00:00.000Z,1.76,1.8,1.65,1.65,740495,1.76,1.8,1.65,1.65,740495,0.0,1.0
115,2019-09-09T00:00:00.000Z,1.62,1.8,1.57,1.76,700986,1.62,1.8,1.57,1.76,700986,0.0,1.0
116,2019-09-10T00:00:00.000Z,1.76,1.78,1.65,1.66,418264,1.76,1.78,1.65,1.66,418264,0.0,1.0
117,2019-09-11T00:00:00.000Z,1.76,1.84,1.74,1.75,753468,1.76,1.84,1.74,1.75,753468,0.0,1.0
118,2019-09-12T00:00:00.000Z,1.7,1.822,1.65,1.77,606441,1.7,1.822,1.65,1.77,606441,0.0,1.0
119,2019-09-13T00:00:00.000Z,1.73,1.79,1.66,1.72,562333,1.73,1.79,1.66,1.72,562333,0.0,1.0
120,2019-09-16T00:00:00.000Z,1.72,1.78,1.7,1.73,488154,1.72,1.78,1.7,1.73,488154,0.0,1.0
121,2019-09-17T00:00:00.000Z,1.72,1.8,1.71,1.74,530816,1.72,1.8,1.71,1.74,530816,0.0,1.0
122,2019-09-18T00:00:00.000Z,1.76,1.77,1.7,1.73,305627,1.76,1.77,1.7,1.73,305627,0.0,1.0
123,2019-09-19T00:00:00.000Z,1.84,2.07,1.74,1.75,1988210,1.84,2.07,1.74,1.75,1988210,0.0,1.0
124,2019-09-20T00:00:00.000Z,1.82,1.98,1.8,1.83,3233077,1.82,1.98,1.8,1.83,3233077,0.0,1.0
125,2019-09-23T00:00:00.000Z,1.77,1.92,1.69,1.92,973882,1.77,1.92,1.69,1.92,973882,0.0,1.0
126,2019-09-24T00:00:00.000Z,1.75,1.79,1.66,1.78,702269,1.75,1.79,1.66,1.78,702269,0.0,1.0
127,2019-09-25T00:00:00.000Z,1.79,1.81,1.67,1.75,469133,1.79,1.81,1.67,1.75,469133,0.0,1.0
128,2019-09-26T00:00:00.000Z,1.69,1.77,1.62,1.77,372723,1.69,1.77,1.62,1.77,372723,0.0,1.0
129,2019-09-27T00:00:00.000Z,1.58,1.8,1.58,1.8,284993,1.58,1.8,1.58,1.8,284993,0.0,1.0
130,2019-09-30T00:00:00.000Z,1.44,1.59,1.42,1.58,459445,1.44,1.59,1.42,1.58,459445,0.0,1.0
131,2019-10-01T00:00:00.000Z,1.39,1.5,1.37,1.5,253032,1.39,1.5,1.37,1.5,253032,0.0,1.0
132,2019-10-02T00:00:00.000Z,1.43,1.475,1.28,1.39,416954,1.43,1.475,1.28,1.39,416954,0.0,1.0
133,2019-10-03T00:00:00.000Z,1.53,1.53,1.4,1.43,214853,1.53,1.53,1.4,1.43,214853,0.0,1.0
134,2019-10-04T00:00:00.000Z,1.47,1.53,1.44,1.49,274032,1.47,1.53,1.44,1.49,274032,0.0,1.0
135,2019-10-07T00:00:00.000Z,1.45,1.5,1.44,1.44,163354,1.45,1.5,1.44,1.44,163354,0.0,1.0
136,2019-10-08T00:00:00.000Z,1.43,1.473,1.39,1.45,208131,1.43,1.473,1.39,1.45,208131,0.0,1.0
137,2019-10-09T00:00:00.000Z,1.49,1.5,1.41,1.43,174620,1.49,1.5,1.41,1.43,174620,0.0,1.0
138,2019-10-10T00:00:00.000Z,1.46,1.5,1.4,1.5,204177,1.46,1.5,1.4,1.5,204177,0.0,1.0
139,2019-10-11T00:00:00.000Z,1.43,1.49,1.425,1.47,164010,1.43,1.49,1.425,1.47,164010,0.0,1.0
140,2019-10-14T00:00:00.000Z,1.47,1.49,1.4,1.43,221784,1.47,1.49,1.4,1.43,221784,0.0,1.0
141,2019-10-15T00:00:00.000Z,1.58,1.659,1.4,1.46,903289,1.58,1.659,1.4,1.46,903289,0.0,1.0
142,2019-10-16T00:00:00.000Z,1.59,1.62,1.512,1.58,145085,1.59,1.62,1.512,1.58,145085,0.0,1.0
143,2019-10-17T00:00:00.000Z,1.64,1.65,1.55,1.57,311202,1.64,1.65,1.55,1.57,311202,0.0,1.0
144,2019-10-18T00:00:00.000Z,1.68,1.81,1.62,1.62,486871,1.68,1.81,1.62,1.62,486871,0.0,1.0
145,2019-10-21T00:00:00.000Z,1.7,1.78,1.595,1.65,301223,1.7,1.78,1.595,1.65,301223,0.0,1.0
146,2019-10-22T00:00:00.000Z,1.55,1.72,1.5,1.69,411667,1.55,1.72,1.5,1.69,411667,0.0,1.0
147,2019-10-23T00:00:00.000Z,1.61,1.63,1.54,1.57,173431,1.61,1.63,1.54,1.57,173431,0.0,1.0
148,2019-10-24T00:00:00.000Z,1.63,1.65,1.59,1.6,92910,1.63,1.65,1.59,1.6,92910,0.0,1.0
149,2019-10-25T00:00:00.000Z,1.61,1.74,1.585,1.61,402015,1.61,1.74,1.585,1.61,402015,0.0,1.0
150,2019-10-28T00:00:00.000Z,1.55,1.64,1.5,1.6,174082,1.55,1.64,1.5,1.6,174082,0.0,1.0
151,2019-10-29T00:00:00.000Z,1.61,1.62,1.534,1.57,152437,1.61,1.62,1.534,1.57,152437,0.0,1.0
152,2019-10-30T00:00:00.000Z,1.63,1.65,1.56,1.61,118237,1.63,1.65,1.56,1.61,118237,0.0,1.0
153,2019-10-31T00:00:00.000Z,1.65,1.66,1.49,1.61,143097,1.65,1.66,1.49,1.61,143097,0.0,1.0
154,2019-11-01T00:00:00.000Z,1.66,1.68,1.6,1.66,143778,1.66,1.68,1.6,1.66,143778,0.0,1.0
155,2019-11-04T00:00:00.000Z,1.64,1.68,1.62,1.65,95755,1.64,1.68,1.62,1.65,95755,0.0,1.0
156,2019-11-05T00:00:00.000Z,1.56,1.66,1.54,1.66,183666,1.56,1.66,1.54,1.66,183666,0.0,1.0
157,2019-11-06T00:00:00.000Z,1.51,1.56,1.47,1.54,175628,1.51,1.56,1.47,1.54,175628,0.0,1.0
158,2019-11-07T00:00:00.000Z,1.48,1.55,1.46,1.52,93632,1.48,1.55,1.46,1.52,93632,0.0,1.0
159,2019-11-08T00:00:00.000Z,1.45,1.548,1.449,1.5,64261,1.45,1.548,1.449,1.5,64261,0.0,1.0
160,2019-11-11T00:00:00.000Z,1.39,1.5,1.39,1.47,168154,1.39,1.5,1.39,1.47,168154,0.0,1.0
161,2019-11-12T00:00:00.000Z,1.32,1.42,1.32,1.4,200273,1.32,1.42,1.32,1.4,200273,0.0,1.0
162,2019-11-13T00:00:00.000Z,1.3,1.39,1.283,1.36,762772,1.3,1.39,1.283,1.36,762772,0.0,1.0
163,2019-11-14T00:00:00.000Z,1.26,1.31,1.25,1.3,427223,1.26,1.31,1.25,1.3,427223,0.0,1.0
164,2019-11-15T00:00:00.000Z,1.33,1.37,1.28,1.33,380707,1.33,1.37,1.28,1.33,380707,0.0,1.0
165,2019-11-18T00:00:00.000Z,1.19,1.31,1.15,1.28,395679,1.19,1.31,1.15,1.28,395679,0.0,1.0
166,2019-11-19T00:00:00.000Z,1.32,1.34,1.14,1.16,444993,1.32,1.34,1.14,1.16,444993,0.0,1.0
167,2019-11-20T00:00:00.000Z,1.29,1.37,1.25,1.26,227015,1.29,1.37,1.25,1.26,227015,0.0,1.0
168,2019-11-21T00:00:00.000Z,1.26,1.31,1.25,1.31,121315,1.26,1.31,1.25,1.31,121315,0.0,1.0
169,2019-11-22T00:00:00.000Z,1.3,1.32,1.21,1.23,244235,1.3,1.32,1.21,1.23,244235,0.0,1.0
170,2019-11-25T00:00:00.000Z,1.31,1.55,1.27,1.27,1303519,1.31,1.55,1.27,1.27,1303519,0.0,1.0
171,2019-11-26T00:00:00.000Z,1.29,1.359,1.28,1.32,113553,1.29,1.359,1.28,1.32,113553,0.0,1.0
172,2019-11-27T00:00:00.000Z,1.31,1.39,1.27,1.28,377281,1.31,1.39,1.27,1.28,377281,0.0,1.0
173,2019-11-29T00:00:00.000Z,1.28,1.3,1.27,1.29,101660,1.28,1.3,1.27,1.29,101660,0.0,1.0
174,2019-12-02T00:00:00.000Z,1.26,1.29,1.24,1.26,219866,1.26,1.29,1.24,1.26,219866,0.0,1.0
175,2019-12-03T00:00:00.000Z,1.21,1.255,1.21,1.24,137812,1.21,1.255,1.21,1.24,137812,0.0,1.0
176,2019-12-04T00:00:00.000Z,1.26,1.3,1.2,1.2,212821,1.26,1.3,1.2,1.2,212821,0.0,1.0
177,2019-12-05T00:00:00.000Z,1.22,1.28,1.2,1.28,142070,1.22,1.28,1.2,1.28,142070,0.0,1.0
178,2019-12-06T00:00:00.000Z,1.29,1.3,1.143,1.23,356756,1.29,1.3,1.143,1.23,356756,0.0,1.0
179,2019-12-09T00:00:00.000Z,1.21,1.28,1.2,1.28,105046,1.21,1.28,1.2,1.28,105046,0.0,1.0
180,2019-12-10T00:00:00.000Z,1.2,1.23,1.18,1.2,121097,1.2,1.23,1.18,1.2,121097,0.0,1.0
181,2019-12-11T00:00:00.000Z,1.17,1.22,1.15,1.22,164235,1.17,1.22,1.15,1.22,164235,0.0,1.0
182,2019-12-12T00:00:00.000Z,1.17,1.25,1.15,1.15,385433,1.17,1.25,1.15,1.15,385433,0.0,1.0
183,2019-12-13T00:00:00.000Z,1.18,1.22,1.17,1.21,207360,1.18,1.22,1.17,1.21,207360,0.0,1.0
184,2019-12-16T00:00:00.000Z,1.13,1.19,1.13,1.19,265499,1.13,1.19,1.13,1.19,265499,0.0,1.0
185,2019-12-17T00:00:00.000Z,1.13,1.15,1.1,1.15,392151,1.13,1.15,1.1,1.15,392151,0.0,1.0
186,2019-12-18T00:00:00.000Z,1.115,1.145,1.09,1.13,324987,1.115,1.145,1.09,1.13,324987,0.0,1.0
187,2019-12-19T00:00:00.000Z,1.15,1.22,1.1,1.11,469722,1.15,1.22,1.1,1.11,469722,0.0,1.0
188,2019-12-20T00:00:00.000Z,1.34,1.34,1.118,1.15,954314,1.34,1.34,1.118,1.15,954314,0.0,1.0
189,2019-12-23T00:00:00.000Z,1.22,1.28,1.2,1.28,307209,1.22,1.28,1.2,1.28,307209,0.0,1.0
190,2019-12-24T00:00:00.000Z,1.2,1.26,1.19,1.22,72134,1.2,1.26,1.19,1.22,72134,0.0,1.0
191,2019-12-26T00:00:00.000Z,1.21,1.22,1.19,1.2,162298,1.21,1.22,1.19,1.2,162298,0.0,1.0
192,2019-12-27T00:00:00.000Z,1.18,1.24,1.15,1.21,186773,1.18,1.24,1.15,1.21,186773,0.0,1.0
193,2019-12-30T00:00:00.000Z,1.16,1.2,1.14,1.17,308098,1.16,1.2,1.14,1.17,308098,0.0,1.0
194,2019-12-31T00:00:00.000Z,1.19,1.22,1.15,1.15,313167,1.19,1.22,1.15,1.15,313167,0.0,1.0
195,2020-01-02T00:00:00.000Z,1.24,1.25,1.16,1.16,197887,1.24,1.25,1.16,1.16,197887,0.0,1.0
196,2020-01-03T00:00:00.000Z,1.23,1.26,1.18,1.25,96926,1.23,1.26,1.18,1.25,96926,0.0,1.0
197,2020-01-06T00:00:00.000Z,1.24,1.32,1.18,1.23,1102480,1.24,1.32,1.18,1.23,1102480,0.0,1.0
198,2020-01-07T00:00:00.000Z,1.23,1.3,1.21,1.29,516743,1.23,1.3,1.21,1.29,516743,0.0,1.0
199,2020-01-08T00:00:00.000Z,1.2,1.25,1.2,1.2,452000,1.2,1.25,1.2,1.2,452000,0.0,1.0
200,2020-01-09T00:00:00.000Z,1.18,1.216,1.17,1.21,336280,1.18,1.216,1.17,1.21,336280,0.0,1.0
201,2020-01-10T00:00:00.000Z,1.17,1.2,1.13,1.18,426281,1.17,1.2,1.13,1.18,426281,0.0,1.0
202,2020-01-13T00:00:00.000Z,1.12,1.16,1.1,1.13,365226,1.12,1.16,1.1,1.13,365226,0.0,1.0
203,2020-01-14T00:00:00.000Z,1.13,1.16,1.1,1.13,401660,1.13,1.16,1.1,1.13,401660,0.0,1.0
204,2020-01-15T00:00:00.000Z,1.14,1.16,1.13,1.15,427045,1.14,1.16,1.13,1.15,427045,0.0,1.0
205,2020-01-16T00:00:00.000Z,1.18,1.22,1.15,1.18,418792,1.18,1.22,1.15,1.18,418792,0.0,1.0
206,2020-01-17T00:00:00.000Z,1.16,1.2,1.16,1.17,230996,1.16,1.2,1.16,1.17,230996,0.0,1.0
207,2020-01-21T00:00:00.000Z,1.14,1.195,1.14,1.17,178222,1.14,1.195,1.14,1.17,178222,0.0,1.0
208,2020-01-22T00:00:00.000Z,1.11,1.154,1.11,1.14,202453,1.11,1.154,1.11,1.14,202453,0.0,1.0
209,2020-01-23T00:00:00.000Z,1.11,1.12,1.05,1.11,313815,1.11,1.12,1.05,1.11,313815,0.0,1.0
210,2020-01-24T00:00:00.000Z,1.04,1.16,1.04,1.08,291878,1.04,1.16,1.04,1.08,291878,0.0,1.0
211,2020-01-27T00:00:00.000Z,0.995,1.05,0.981,1.05,256142,0.995,1.05,0.981,1.05,256142,0.0,1.0
212,2020-01-28T00:00:00.000Z,0.969,0.99,0.93,0.99,316488,0.969,0.99,0.93,0.99,316488,0.0,1.0
213,2020-01-29T00:00:00.000Z,0.907,0.965,0.9,0.965,197328,0.907,0.965,0.9,0.965,197328,0.0,1.0
214,2020-01-30T00:00:00.000Z,0.831,0.91,0.8,0.895,394969,0.831,0.91,0.8,0.895,394969,0.0,1.0
215,2020-01-31T00:00:00.000Z,0.89,0.898,0.807,0.83,337288,0.89,0.898,0.807,0.83,337288,0.0,1.0
216,2020-02-03T00:00:00.000Z,0.878,0.94,0.86,0.88,338992,0.878,0.94,0.86,0.88,338992,0.0,1.0
217,2020-02-04T00:00:00.000Z,0.849,0.878,0.83,0.878,351474,0.849,0.878,0.83,0.878,351474,0.0,1.0
218,2020-02-05T00:00:00.000Z,0.818,0.86,0.8,0.857,412482,0.818,0.86,0.8,0.857,412482,0.0,1.0
219,2020-02-06T00:00:00.000Z,0.817,0.879,0.79,0.85,470144,0.817,0.879,0.79,0.85,470144,0.0,1.0
220,2020-02-07T00:00:00.000Z,0.83,0.87,0.795,0.839,223677,0.83,0.87,0.795,0.839,223677,0.0,1.0
221,2020-02-10T00:00:00.000Z,0.929,1.06,0.84,0.85,1635378,0.929,1.06,0.84,0.85,1635378,0.0,1.0
222,2020-02-11T00:00:00.000Z,0.894,0.95,0.871,0.948,288770,0.894,0.95,0.871,0.948,288770,0.0,1.0
223,2020-02-12T00:00:00.000Z,0.886,0.9,0.87,0.899,103552,0.886,0.9,0.87,0.899,103552,0.0,1.0
224,2020-02-13T00:00:00.000Z,0.883,0.9,0.851,0.87,236457,0.883,0.9,0.851,0.87,236457,0.0,1.0
225,2020-02-14T00:00:00.000Z,0.905,0.91,0.865,0.89,96257,0.905,0.91,0.865,0.89,96257,0.0,1.0
226,2020-02-18T00:00:00.000Z,0.9,0.961,0.886,0.961,147476,0.9,0.961,0.886,0.961,147476,0.0,1.0
227,2020-02-19T00:00:00.000Z,0.904,0.93,0.881,0.9,105615,0.904,0.93,0.881,0.9,105615,0.0,1.0
228,2020-02-20T00:00:00.000Z,1.21,1.73,0.884,0.884,4738946,1.21,1.73,0.884,0.884,4738946,0.0,1.0
229,2020-02-21T00:00:00.000Z,1.23,1.41,1.13,1.36,2213079,1.23,1.41,1.13,1.36,2213079,0.0,1.0
230,2020-02-24T00:00:00.000Z,1.13,1.21,1.056,1.11,676374,1.13,1.21,1.056,1.11,676374,0.0,1.0
231,2020-02-25T00:00:00.000Z,1.25,1.47,1.14,1.17,2401948,1.25,1.47,1.14,1.17,2401948,0.0,1.0
232,2020-02-26T00:00:00.000Z,1.13,1.326,1.102,1.26,767684,1.13,1.326,1.102,1.26,767684,0.0,1.0
233,2020-02-27T00:00:00.000Z,1.12,1.23,1.005,1.11,1297152,1.12,1.23,1.005,1.11,1297152,0.0,1.0
234,2020-02-28T00:00:00.000Z,1.02,1.084,0.961,1.0,578631,1.02,1.084,0.961,1.0,578631,0.0,1.0
235,2020-03-02T00:00:00.000Z,0.992,1.15,0.96,1.07,375269,0.992,1.15,0.96,1.07,375269,0.0,1.0
236,2020-03-03T00:00:00.000Z,0.955,1.04,0.902,1.03,718987,0.955,1.04,0.902,1.03,718987,0.0,1.0
237,2020-03-04T00:00:00.000Z,0.978,0.982,0.927,0.949,343590,0.978,0.982,0.927,0.949,343590,0.0,1.0
238,2020-03-05T00:00:00.000Z,0.977,1.08,0.93,0.98,525722,0.977,1.08,0.93,0.98,525722,0.0,1.0
239,2020-03-06T00:00:00.000Z,0.919,0.955,0.9,0.95,311276,0.919,0.955,0.9,0.95,311276,0.0,1.0
240,2020-03-09T00:00:00.000Z,0.845,0.9,0.827,0.88,384914,0.845,0.9,0.827,0.88,384914,0.0,1.0
241,2020-03-10T00:00:00.000Z,0.877,0.928,0.83,0.872,244685,0.877,0.928,0.83,0.872,244685,0.0,1.0
242,2020-03-11T00:00:00.000Z,0.82,0.89,0.75,0.82,315850,0.82,0.89,0.75,0.82,315850,0.0,1.0
243,2020-03-12T00:00:00.000Z,0.691,0.8,0.6,0.65,353470,0.691,0.8,0.6,0.65,353470,0.0,1.0
244,2020-03-13T00:00:00.000Z,0.72,0.85,0.65,0.71,635973,0.72,0.85,0.65,0.71,635973,0.0,1.0
245,2020-03-16T00:00:00.000Z,0.651,0.687,0.63,0.68,279772,0.651,0.687,0.63,0.68,279772,0.0,1.0
246,2020-03-17T00:00:00.000Z,0.7,0.723,0.62,0.657,224045,0.7,0.723,0.62,0.657,224045,0.0,1.0
247,2020-03-18T00:00:00.000Z,0.803,1.2,0.58,0.69,3890317,0.803,1.2,0.58,0.69,3890317,0.0,1.0
248,2020-03-19T00:00:00.000Z,0.884,1.07,0.74,0.99,2232467,0.884,1.07,0.74,0.99,2232467,0.0,1.0
249,2020-03-20T00:00:00.000Z,0.72,0.867,0.72,0.867,968538,0.72,0.867,0.72,0.867,968538,0.0,1.0
250,2020-03-23T00:00:00.000Z,0.628,0.71,0.592,0.7,525704,0.628,0.71,0.592,0.7,525704,0.0,1.0
251,2020-03-24T00:00:00.000Z,0.68,0.68,0.64,0.678,344472,0.68,0.68,0.64,0.678,344472,0.0,1.0
252,2020-03-25T00:00:00.000Z,0.71,0.77,0.641,0.677,407303,0.71,0.77,0.641,0.677,407303,0.0,1.0
253,2020-03-26T00:00:00.000Z,0.778,0.778,0.641,0.691,714383,0.778,0.778,0.641,0.691,714383,0.0,1.0
254,2020-03-27T00:00:00.000Z,0.782,1.0,0.77,0.981,2815344,0.782,1.0,0.77,0.981,2815344,0.0,1.0
255,2020-03-30T00:00:00.000Z,0.81,0.868,0.7,0.72,799126,0.81,0.868,0.7,0.72,799126,0.0,1.0
256,2020-03-31T00:00:00.000Z,0.675,0.731,0.66,0.7,611988,0.675,0.731,0.66,0.7,611988,0.0,1.0
257,2020-04-01T00:00:00.000Z,0.592,0.678,0.592,0.678,471603,0.592,0.678,0.592,0.678,471603,0.0,1.0
258,2020-04-02T00:00:00.000Z,0.59,0.62,0.58,0.6,334351,0.59,0.62,0.58,0.6,334351,0.0,1.0
259,2020-04-03T00:00:00.000Z,0.542,0.6,0.54,0.59,523560,0.542,0.6,0.54,0.59,523560,0.0,1.0
260,2020-04-06T00:00:00.000Z,0.596,0.6,0.54,0.55,382792,0.596,0.6,0.54,0.55,382792,0.0,1.0
261,2020-04-07T00:00:00.000Z,0.76,0.94,0.56,0.6,4322766,0.76,0.94,0.56,0.6,4322766,0.0,1.0
262,2020-04-08T00:00:00.000Z,0.643,0.73,0.603,0.7,1245148,0.643,0.73,0.603,0.7,1245148,0.0,1.0
263,2020-04-09T00:00:00.000Z,0.72,0.85,0.61,0.63,4372325,0.72,0.85,0.61,0.63,4372325,0.0,1.0
264,2020-04-13T00:00:00.000Z,0.65,0.666,0.62,0.65,797874,0.65,0.666,0.62,0.65,797874,0.0,1.0
265,2020-04-14T00:00:00.000Z,0.672,0.73,0.62,0.656,914233,0.672,0.73,0.62,0.656,914233,0.0,1.0
266,2020-04-15T00:00:00.000Z,0.66,0.69,0.63,0.652,447278,0.66,0.69,0.63,0.652,447278,0.0,1.0
267,2020-04-16T00:00:00.000Z,0.648,0.7,0.63,0.688,724000,0.648,0.7,0.63,0.688,724000,0.0,1.0
268,2020-04-17T00:00:00.000Z,0.652,0.668,0.63,0.656,366668,0.652,0.668,0.63,0.656,366668,0.0,1.0
269,2020-04-20T00:00:00.000Z,0.625,0.66,0.607,0.66,472464,0.625,0.66,0.607,0.66,472464,0.0,1.0
270,2020-04-21T00:00:00.000Z,0.614,0.63,0.601,0.63,329956,0.614,0.63,0.601,0.63,329956,0.0,1.0
271,2020-04-22T00:00:00.000Z,0.639,0.686,0.603,0.617,1052733,0.639,0.686,0.603,0.617,1052733,0.0,1.0
272,2020-04-23T00:00:00.000Z,0.638,0.7,0.612,0.628,1297379,0.638,0.7,0.612,0.628,1297379,0.0,1.0
273,2020-04-24T00:00:00.000Z,0.643,0.675,0.62,0.65,1161951,0.643,0.675,0.62,0.65,1161951,0.0,1.0
274,2020-04-27T00:00:00.000Z,0.701,0.718,0.651,0.66,1352381,0.701,0.718,0.651,0.66,1352381,0.0,1.0
275,2020-04-28T00:00:00.000Z,0.73,0.82,0.661,0.72,2589321,0.73,0.82,0.661,0.72,2589321,0.0,1.0
276,2020-04-29T00:00:00.000Z,0.708,0.745,0.69,0.745,587009,0.708,0.745,0.69,0.745,587009,0.0,1.0
277,2020-04-30T00:00:00.000Z,0.725,1.09,0.683,0.683,10065166,0.725,1.09,0.683,0.683,10065166,0.0,1.0
278,2020-05-01T00:00:00.000Z,0.674,0.72,0.655,0.719,1175050,0.674,0.72,0.655,0.719,1175050,0.0,1.0
279,2020-05-04T00:00:00.000Z,0.81,0.873,0.631,0.687,4034965,0.81,0.873,0.631,0.687,4034965,0.0,1.0
280,2020-05-05T00:00:00.000Z,0.73,0.75,0.7,0.73,946751,0.73,0.75,0.7,0.73,946751,0.0,1.0
281,2020-05-06T00:00:00.000Z,0.683,0.72,0.68,0.715,1035025,0.683,0.72,0.68,0.715,1035025,0.0,1.0
282,2020-05-07T00:00:00.000Z,0.67,0.8,0.66,0.691,686283,0.67,0.8,0.66,0.691,686283,0.0,1.0
283,2020-05-08T00:00:00.000Z,0.679,0.699,0.67,0.681,351278,0.679,0.699,0.67,0.681,351278,0.0,1.0
284,2020-05-11T00:00:00.000Z,0.718,0.718,0.67,0.68,535064,0.718,0.718,0.67,0.68,535064,0.0,1.0
285,2020-05-12T00:00:00.000Z,0.702,0.74,0.69,0.73,1214910,0.702,0.74,0.69,0.73,1214910,0.0,1.0
286,2020-05-13T00:00:00.000Z,0.695,0.717,0.665,0.717,704603,0.695,0.717,0.665,0.717,704603,0.0,1.0
287,2020-05-14T00:00:00.000Z,0.683,0.735,0.676,0.727,978479,0.683,0.735,0.676,0.727,978479,0.0,1.0
288,2020-05-15T00:00:00.000Z,0.71,0.718,0.675,0.68,920577,0.71,0.718,0.675,0.68,920577,0.0,1.0
289,2020-05-18T00:00:00.000Z,0.68,0.7,0.663,0.7,902755,0.68,0.7,0.663,0.7,902755,0.0,1.0
290,2020-05-19T00:00:00.000Z,0.67,0.68,0.65,0.68,838515,0.67,0.68,0.65,0.68,838515,0.0,1.0
291,2020-05-20T00:00:00.000Z,1.57,3.0,0.966,1.0,76703961,1.57,3.0,0.966,1.0,76703961,0.0,1.0
292,2020-05-21T00:00:00.000Z,1.33,1.82,1.25,1.65,18559634,1.33,1.82,1.25,1.65,18559634,0.0,1.0
293,2020-05-22T00:00:00.000Z,1.29,1.47,1.23,1.36,7061528,1.29,1.47,1.23,1.36,7061528,0.0,1.0
294,2020-05-26T00:00:00.000Z,1.24,1.31,1.15,1.3,3105618,1.24,1.31,1.15,1.3,3105618,0.0,1.0
295,2020-05-27T00:00:00.000Z,1.4,1.58,1.3,1.58,12223944,1.4,1.58,1.3,1.58,12223944,0.0,1.0
296,2020-05-28T00:00:00.000Z,1.34,1.45,1.31,1.45,3336632,1.34,1.45,1.31,1.45,3336632,0.0,1.0
297,2020-05-29T00:00:00.000Z,1.29,1.35,1.25,1.27,1828565,1.29,1.35,1.25,1.27,1828565,0.0,1.0
298,2020-06-01T00:00:00.000Z,1.26,1.28,1.23,1.26,1412423,1.26,1.28,1.23,1.26,1412423,0.0,1.0
299,2020-06-02T00:00:00.000Z,1.23,1.33,1.23,1.32,1652665,1.23,1.33,1.23,1.32,1652665,0.0,1.0
300,2020-06-03T00:00:00.000Z,1.28,1.31,1.19,1.2,2626634,1.28,1.31,1.19,1.2,2626634,0.0,1.0
301,2020-06-04T00:00:00.000Z,1.24,1.3,1.19,1.3,2438724,1.24,1.3,1.19,1.3,2438724,0.0,1.0
302,2020-06-05T00:00:00.000Z,1.21,1.24,1.19,1.23,1288270,1.21,1.24,1.19,1.23,1288270,0.0,1.0
303,2020-06-08T00:00:00.000Z,1.25,1.26,1.13,1.2,3024375,1.25,1.26,1.13,1.2,3024375,0.0,1.0
304,2020-06-09T00:00:00.000Z,1.36,1.41,1.2,1.27,3766019,1.36,1.41,1.2,1.27,3766019,0.0,1.0
305,2020-06-10T00:00:00.000Z,1.26,1.33,1.22,1.32,1344594,1.26,1.33,1.22,1.32,1344594,0.0,1.0
306,2020-06-11T00:00:00.000Z,1.16,1.209,1.06,1.2,4859762,1.16,1.209,1.06,1.2,4859762,0.0,1.0
307,2020-06-12T00:00:00.000Z,1.16,1.25,1.13,1.24,1906737,1.16,1.25,1.13,1.24,1906737,0.0,1.0
308,2020-06-15T00:00:00.000Z,1.14,1.14,1.04,1.13,751656,1.14,1.14,1.04,1.13,751656,0.0,1.0
309,2020-06-16T00:00:00.000Z,1.69,1.74,1.16,1.27,20964178,1.69,1.74,1.16,1.27,20964178,0.0,1.0
310,2020-06-17T00:00:00.000Z,1.33,1.53,1.33,1.5,6986663,1.33,1.53,1.33,1.5,6986663,0.0,1.0
311,2020-06-18T00:00:00.000Z,1.27,1.38,1.26,1.32,2735979,1.27,1.38,1.26,1.32,2735979,0.0,1.0
312,2020-06-19T00:00:00.000Z,1.21,1.33,1.19,1.32,3380043,1.21,1.33,1.19,1.32,3380043,0.0,1.0
313,2020-06-22T00:00:00.000Z,1.2,1.23,1.18,1.21,1113121,1.2,1.23,1.18,1.21,1113121,0.0,1.0
314,2020-06-23T00:00:00.000Z,1.26,1.32,1.22,1.26,3633343,1.26,1.32,1.22,1.26,3633343,0.0,1.0
315,2020-06-24T00:00:00.000Z,1.24,1.28,1.17,1.27,1433788,1.24,1.28,1.17,1.27,1433788,0.0,1.0
316,2020-06-25T00:00:00.000Z,1.23,1.25,1.17,1.21,1075601,1.23,1.25,1.17,1.21,1075601,0.0,1.0
317,2020-06-26T00:00:00.000Z,1.34,1.39,1.26,1.38,8289674,1.34,1.39,1.26,1.38,8289674,0.0,1.0
318,2020-06-29T00:00:00.000Z,1.28,1.34,1.25,1.29,1337066,1.28,1.34,1.25,1.29,1337066,0.0,1.0
319,2020-06-30T00:00:00.000Z,1.23,1.27,1.21,1.26,1003399,1.23,1.27,1.21,1.26,1003399,0.0,1.0
320,2020-07-01T00:00:00.000Z,1.24,1.27,1.22,1.25,810081,1.24,1.27,1.22,1.25,810081,0.0,1.0
321,2020-07-02T00:00:00.000Z,1.22,1.24,1.19,1.24,969073,1.22,1.24,1.19,1.24,969073,0.0,1.0
322,2020-07-06T00:00:00.000Z,1.19,1.24,1.18,1.21,919576,1.19,1.24,1.18,1.21,919576,0.0,1.0
323,2020-07-07T00:00:00.000Z,1.2,1.3,1.16,1.19,3245247,1.2,1.3,1.16,1.19,3245247,0.0,1.0
324,2020-07-08T00:00:00.000Z,1.23,1.27,1.18,1.2,3001567,1.23,1.27,1.18,1.2,3001567,0.0,1.0
325,2020-07-09T00:00:00.000Z,1.22,1.26,1.18,1.25,1688948,1.22,1.26,1.18,1.25,1688948,0.0,1.0
326,2020-07-10T00:00:00.000Z,1.22,1.23,1.2,1.22,807086,1.22,1.23,1.2,1.22,807086,0.0,1.0
327,2020-07-13T00:00:00.000Z,1.3,1.33,1.18,1.21,7234452,1.3,1.33,1.18,1.21,7234452,0.0,1.0
328,2020-07-14T00:00:00.000Z,1.29,1.39,1.23,1.33,6910657,1.29,1.39,1.23,1.33,6910657,0.0,1.0
329,2020-07-15T00:00:00.000Z,1.44,1.8,1.38,1.7,42936327,1.44,1.8,1.38,1.7,42936327,0.0,1.0
330,2020-07-16T00:00:00.000Z,1.49,1.52,1.325,1.4,10765739,1.49,1.52,1.325,1.4,10765739,0.0,1.0
331,2020-07-17T00:00:00.000Z,1.68,1.7,1.47,1.53,13055161,1.68,1.7,1.47,1.53,13055161,0.0,1.0
332,2020-07-20T00:00:00.000Z,1.53,1.69,1.52,1.64,4978353,1.53,1.69,1.52,1.64,4978353,0.0,1.0
333,2020-07-21T00:00:00.000Z,1.51,1.6,1.4,1.5,7220807,1.51,1.6,1.4,1.5,7220807,0.0,1.0
334,2020-07-22T00:00:00.000Z,1.48,1.66,1.46,1.5,5086886,1.48,1.66,1.46,1.5,5086886,0.0,1.0
335,2020-07-23T00:00:00.000Z,1.57,1.59,1.42,1.49,5423379,1.57,1.59,1.42,1.49,5423379,0.0,1.0
336,2020-07-24T00:00:00.000Z,1.51,1.62,1.47,1.61,3471893,1.51,1.62,1.47,1.61,3471893,0.0,1.0
337,2020-07-27T00:00:00.000Z,1.53,1.65,1.47,1.53,6497157,1.53,1.65,1.47,1.53,6497157,0.0,1.0
338,2020-07-28T00:00:00.000Z,1.53,1.56,1.48,1.55,2626077,1.53,1.56,1.48,1.55,2626077,0.0,1.0
339,2020-07-29T00:00:00.000Z,1.48,1.53,1.42,1.51,3324329,1.48,1.53,1.42,1.51,3324329,0.0,1.0
340,2020-07-30T00:00:00.000Z,1.46,1.56,1.4,1.42,4775674,1.46,1.56,1.4,1.42,4775674,0.0,1.0
341,2020-07-31T00:00:00.000Z,1.49,1.57,1.41,1.42,6351657,1.49,1.57,1.41,1.42,6351657,0.0,1.0
342,2020-08-03T00:00:00.000Z,1.58,1.66,1.45,1.51,7497061,1.58,1.66,1.45,1.51,7497061,0.0,1.0
343,2020-08-04T00:00:00.000Z,1.6,1.85,1.58,1.61,8935747,1.6,1.85,1.58,1.61,8935747,0.0,1.0
344,2020-08-05T00:00:00.000Z,1.64,1.75,1.55,1.61,4231784,1.64,1.75,1.55,1.61,4231784,0.0,1.0
345,2020-08-06T00:00:00.000Z,1.66,1.71,1.61,1.7,2009346,1.66,1.71,1.61,1.7,2009346,0.0,1.0
346,2020-08-07T00:00:00.000Z,1.61,1.69,1.6,1.63,1482064,1.61,1.69,1.6,1.63,1482064,0.0,1.0
347,2020-08-10T00:00:00.000Z,1.68,1.74,1.601,1.61,3342542,1.68,1.74,1.601,1.61,3342542,0.0,1.0
348,2020-08-11T00:00:00.000Z,1.63,1.94,1.63,1.68,13788564,1.63,1.94,1.63,1.68,13788564,0.0,1.0
349,2020-08-12T00:00:00.000Z,1.49,1.7,1.43,1.68,4550711,1.49,1.7,1.43,1.68,4550711,0.0,1.0
350,2020-08-13T00:00:00.000Z,1.47,1.56,1.43,1.56,2103812,1.47,1.56,1.43,1.56,2103812,0.0,1.0
351,2020-08-14T00:00:00.000Z,1.36,1.48,1.33,1.47,2716453,1.36,1.48,1.33,1.47,2716453,0.0,1.0
352,2020-08-17T00:00:00.000Z,1.35,1.43,1.29,1.42,4143948,1.35,1.43,1.29,1.42,4143948,0.0,1.0
353,2020-08-18T00:00:00.000Z,1.28,1.36,1.28,1.36,1733767,1.28,1.36,1.28,1.36,1733767,0.0,1.0
354,2020-08-19T00:00:00.000Z,1.29,1.42,1.25,1.29,6505988,1.29,1.42,1.25,1.29,6505988,0.0,1.0
355,2020-08-20T00:00:00.000Z,1.225,1.315,1.2,1.2964,3278757,1.225,1.315,1.2,1.2964,3278757,0.0,1.0
356,2020-08-21T00:00:00.000Z,1.21,1.26,1.19,1.23,2426058,1.21,1.26,1.19,1.23,2426058,0.0,1.0
357,2020-08-24T00:00:00.000Z,1.05,1.19,1.01,1.18,4715122,1.05,1.19,1.01,1.18,4715122,0.0,1.0
358,2020-08-25T00:00:00.000Z,1.06,1.09,1.04,1.09,1503050,1.06,1.09,1.04,1.09,1503050,0.0,1.0
359,2020-08-26T00:00:00.000Z,1.1,1.27,1.085,1.1713,10257846,1.1,1.27,1.085,1.1713,10257846,0.0,1.0
360,2020-08-27T00:00:00.000Z,1.06,1.1,1.02,1.09,1814507,1.06,1.1,1.02,1.09,1814507,0.0,1.0
361,2020-08-28T00:00:00.000Z,1.05,1.06,1.03,1.04,1180109,1.05,1.06,1.03,1.04,1180109,0.0,1.0
362,2020-08-31T00:00:00.000Z,1.08,1.09,1.01,1.04,1620149,1.08,1.09,1.01,1.04,1620149,0.0,1.0
363,2020-09-01T00:00:00.000Z,1.05,1.07,1.03,1.04,838331,1.05,1.07,1.03,1.04,838331,0.0,1.0
364,2020-09-02T00:00:00.000Z,1.09,1.15,1.04,1.07,2937874,1.09,1.15,1.04,1.07,2937874,0.0,1.0
365,2020-09-03T00:00:00.000Z,1.03,1.08,1.0,1.08,1319081,1.03,1.08,1.0,1.08,1319081,0.0,1.0
366,2020-09-04T00:00:00.000Z,0.9628,1.035,0.88,1.02,2001260,0.9628,1.035,0.88,1.02,2001260,0.0,1.0
367,2020-09-08T00:00:00.000Z,0.8906,0.9299,0.8222,0.88,1295822,0.8906,0.9299,0.8222,0.88,1295822,0.0,1.0
368,2020-09-09T00:00:00.000Z,0.9251,0.978,0.89,0.9203,1732029,0.9251,0.978,0.89,0.9203,1732029,0.0,1.0
369,2020-09-10T00:00:00.000Z,0.9344,0.97,0.91,0.91,478922,0.9344,0.97,0.91,0.91,478922,0.0,1.0
370,2020-09-11T00:00:00.000Z,0.87,0.9451,0.865,0.93,983916,0.87,0.9451,0.865,0.93,983916,0.0,1.0
371,2020-09-14T00:00:00.000Z,0.908,0.9104,0.87,0.9027,615295,0.908,0.9104,0.87,0.9027,615295,0.0,1.0
372,2020-09-15T00:00:00.000Z,0.91,1.02,0.88,0.908,1108631,0.91,1.02,0.88,0.908,1108631,0.0,1.0
373,2020-09-16T00:00:00.000Z,0.9447,0.989,0.8999,0.9145,1552037,0.9447,0.989,0.8999,0.9145,1552037,0.0,1.0
374,2020-09-17T00:00:00.000Z,0.949,0.969,0.9006,0.9459,706643,0.949,0.969,0.9006,0.9459,706643,0.0,1.0
375,2020-09-18T00:00:00.000Z,0.9067,0.96,0.9067,0.9593,657508,0.9067,0.96,0.9067,0.9593,657508,0.0,1.0
376,2020-09-21T00:00:00.000Z,0.88,0.94,0.88,0.92,472219,0.88,0.94,0.88,0.92,472219,0.0,1.0
377,2020-09-22T00:00:00.000Z,0.881,0.9287,0.881,0.9,399769,0.881,0.9287,0.881,0.9,399769,0.0,1.0
378,2020-09-23T00:00:00.000Z,0.8267,0.8975,0.8251,0.8881,543897,0.8267,0.8975,0.8251,0.8881,543897,0.0,1.0
379,2020-09-24T00:00:00.000Z,0.7831,0.83,0.7532,0.816,1069162,0.7831,0.83,0.7532,0.816,1069162,0.0,1.0
380,2020-09-25T00:00:00.000Z,0.8374,0.8495,0.78,0.79,884505,0.8374,0.8495,0.78,0.79,884505,0.0,1.0
381,2020-09-28T00:00:00.000Z,0.8584,0.88,0.823,0.859,716653,0.8584,0.88,0.823,0.859,716653,0.0,1.0
382,2020-09-29T00:00:00.000Z,0.9341,0.946,0.8352,0.86,1533268,0.9341,0.946,0.8352,0.86,1533268,0.0,1.0
383,2020-09-30T00:00:00.000Z,0.915,0.95,0.88,0.9462,828797,0.915,0.95,0.88,0.9462,828797,0.0,1.0
384,2020-10-01T00:00:00.000Z,0.9267,0.96,0.9021,0.96,1250083,0.9267,0.96,0.9021,0.96,1250083,0.0,1.0
385,2020-10-02T00:00:00.000Z,0.9998,1.07,0.8401,0.888,4729523,0.9998,1.07,0.8401,0.888,4729523,0.0,1.0
386,2020-10-05T00:00:00.000Z,0.92,0.99,0.9111,0.96,3076799,0.92,0.99,0.9111,0.96,3076799,0.0,1.0
387,2020-10-06T00:00:00.000Z,0.893,0.94,0.8708,0.93,1602096,0.893,0.94,0.8708,0.93,1602096,0.0,1.0
388,2020-10-07T00:00:00.000Z,1.03,1.25,0.9996,1.01,20147748,1.03,1.25,0.9996,1.01,20147748,0.0,1.0
389,2020-10-08T00:00:00.000Z,0.9483,0.9673,0.92,0.93,2851655,0.9483,0.9673,0.92,0.93,2851655,0.0,1.0
390,2020-10-09T00:00:00.000Z,0.925,0.93505,0.9123,0.9322,896241,0.925,0.93505,0.9123,0.9322,896241,0.0,1.0
391,2020-10-12T00:00:00.000Z,0.8929,0.925,0.888,0.92,1175887,0.8929,0.925,0.888,0.92,1175887,0.0,1.0
392,2020-10-13T00:00:00.000Z,0.872,0.9,0.87,0.8963,895622,0.872,0.9,0.87,0.8963,895622,0.0,1.0
393,2020-10-14T00:00:00.000Z,0.8699,0.9,0.8615,0.89,733369,0.8699,0.9,0.8615,0.89,733369,0.0,1.0
394,2020-10-15T00:00:00.000Z,0.862,0.91,0.84,0.888,3221212,0.862,0.91,0.84,0.888,3221212,0.0,1.0
395,2020-10-16T00:00:00.000Z,0.7975,0.853,0.79,0.841,2021295,0.7975,0.853,0.79,0.841,2021295,0.0,1.0
396,2020-10-19T00:00:00.000Z,0.7845,0.9,0.77,0.782,3696599,0.7845,0.9,0.77,0.782,3696599,0.0,1.0
397,2020-10-20T00:00:00.000Z,0.7849,0.801,0.7721,0.7797,848929,0.7849,0.801,0.7721,0.7797,848929,0.0,1.0
398,2020-10-21T00:00:00.000Z,0.7596,0.8389,0.7295,0.79,2621017,0.7596,0.8389,0.7295,0.79,2621017,0.0,1.0
399,2020-10-22T00:00:00.000Z,0.765,0.769599,0.73,0.75,746080,0.765,0.769599,0.73,0.75,746080,0.0,1.0
400,2020-10-23T00:00:00.000Z,0.7683,0.7852,0.74,0.763,583426,0.7683,0.7852,0.74,0.763,583426,0.0,1.0
401,2020-10-26T00:00:00.000Z,0.7566,0.78,0.74,0.769,297158,0.7566,0.78,0.74,0.769,297158,0.0,1.0
402,2020-10-27T00:00:00.000Z,0.715,0.75,0.71,0.7475,691944,0.715,0.75,0.71,0.7475,691944,0.0,1.0
403,2020-10-28T00:00:00.000Z,0.7055,0.715,0.65,0.7,2464327,0.7055,0.715,0.65,0.7,2464327,0.0,1.0
404,2020-10-29T00:00:00.000Z,0.7051,0.7283,0.6811,0.713,1577169,0.7051,0.7283,0.6811,0.713,1577169,0.0,1.0
405,2020-10-30T00:00:00.000Z,0.676,0.696,0.6301,0.69,1074114,0.676,0.696,0.6301,0.69,1074114,0.0,1.0
406,2020-11-02T00:00:00.000Z,0.6843,0.71,0.6501,0.66,1389675,0.6843,0.71,0.6501,0.66,1389675,0.0,1.0
407,2020-11-03T00:00:00.000Z,0.6722,0.699,0.6621,0.699,726406,0.6722,0.699,0.6621,0.699,726406,0.0,1.0
408,2020-11-04T00:00:00.000Z,0.6685,0.69,0.66,0.69,817965,0.6685,0.69,0.66,0.69,817965,0.0,1.0
409,2020-11-05T00:00:00.000Z,0.6979,0.74,0.6605,0.6649,1070444,0.6979,0.74,0.6605,0.6649,1070444,0.0,1.0
410,2020-11-06T00:00:00.000Z,0.6984,0.7,0.6754,0.6979,384052,0.6984,0.7,0.6754,0.6979,384052,0.0,1.0
411,2020-11-09T00:00:00.000Z,0.7377,0.7377,0.68,0.7007,1037510,0.7377,0.7377,0.68,0.7007,1037510,0.0,1.0
412,2020-11-10T00:00:00.000Z,0.651,0.69,0.625,0.68,1333730,0.651,0.69,0.625,0.68,1333730,0.0,1.0
413,2020-11-11T00:00:00.000Z,0.6887,0.71,0.651,0.659,1194082,0.6887,0.71,0.651,0.659,1194082,0.0,1.0
414,2020-11-12T00:00:00.000Z,0.6699,0.6896,0.65,0.68,1694403,0.6699,0.6896,0.65,0.68,1694403,0.0,1.0
415,2020-11-13T00:00:00.000Z,0.64,0.675,0.63,0.6652,1656069,0.64,0.675,0.63,0.6652,1656069,0.0,1.0
416,2020-11-16T00:00:00.000Z,0.6423,0.65989,0.636,0.65,958980,0.6423,0.65989,0.636,0.65,958980,0.0,1.0
417,2020-11-17T00:00:00.000Z,0.67,0.7095,0.633,0.634,4097135,0.67,0.7095,0.633,0.634,4097135,0.0,1.0
418,2020-11-18T00:00:00.000Z,0.6951,0.6951,0.6609,0.69,2669992,0.6951,0.6951,0.6609,0.69,2669992,0.0,1.0
419,2020-11-19T00:00:00.000Z,0.6842,0.75,0.663,0.7127,4044686,0.6842,0.75,0.663,0.7127,4044686,0.0,1.0
420,2020-11-20T00:00:00.000Z,0.6644,0.6799,0.6533,0.6751,1498993,0.6644,0.6799,0.6533,0.6751,1498993,0.0,1.0
421,2020-11-23T00:00:00.000Z,0.6427,0.669,0.6023,0.6666,2359241,0.6427,0.669,0.6023,0.6666,2359241,0.0,1.0
422,2020-11-24T00:00:00.000Z,0.709,0.72,0.635,0.65,6166834,0.709,0.72,0.635,0.65,6166834,0.0,1.0
423,2020-11-25T00:00:00.000Z,0.69,0.77,0.670101,0.7,5724923,0.69,0.77,0.670101,0.7,5724923,0.0,1.0
424,2020-11-27T00:00:00.000Z,0.6684,0.6885,0.655,0.685,1416175,0.6684,0.6885,0.655,0.685,1416175,0.0,1.0
425,2020-11-30T00:00:00.000Z,0.68,0.68,0.645,0.67,1986557,0.68,0.68,0.645,0.67,1986557,0.0,1.0
426,2020-12-01T00:00:00.000Z,0.7209,0.7498,0.6602,0.68,5981517,0.7209,0.7498,0.6602,0.68,5981517,0.0,1.0
427,2020-12-02T00:00:00.000Z,0.6779,0.7124,0.6607,0.705,2516610,0.6779,0.7124,0.6607,0.705,2516610,0.0,1.0
428,2020-12-03T00:00:00.000Z,0.704,0.7179,0.665,0.68,3496396,0.704,0.7179,0.665,0.68,3496396,0.0,1.0
429,2020-12-04T00:00:00.000Z,0.76,0.82,0.7,0.7163,10409052,0.76,0.82,0.7,0.7163,10409052,0.0,1.0
430,2020-12-07T00:00:00.000Z,0.8088,0.83,0.721,0.76,5703632,0.8088,0.83,0.721,0.76,5703632,0.0,1.0
431,2020-12-08T00:00:00.000Z,0.8375,0.8862,0.775,0.7995,9523339,0.8375,0.8862,0.775,0.7995,9523339,0.0,1.0
432,2020-12-09T00:00:00.000Z,0.795,0.9091,0.78,0.8636,4395082,0.795,0.9091,0.78,0.8636,4395082,0.0,1.0
433,2020-12-10T00:00:00.000Z,0.7826,0.82,0.7311,0.82,1997236,0.7826,0.82,0.7311,0.82,1997236,0.0,1.0
434,2020-12-11T00:00:00.000Z,0.7731,0.777,0.711,0.7642,4196070,0.7731,0.777,0.711,0.7642,4196070,0.0,1.0
435,2020-12-14T00:00:00.000Z,0.797,0.83,0.778,0.8101,2754335,0.797,0.83,0.778,0.8101,2754335,0.0,1.0
436,2020-12-15T00:00:00.000Z,0.7766,0.8296,0.73,0.8296,4242507,0.7766,0.8296,0.73,0.8296,4242507,0.0,1.0
437,2020-12-16T00:00:00.000Z,0.9728,1.03,0.8101,0.9124,31355161,0.9728,1.03,0.8101,0.9124,31355161,0.0,1.0
438,2020-12-17T00:00:00.000Z,1.24,1.33,0.871,0.945,57002611,1.24,1.33,0.871,0.945,57002611,0.0,1.0
439,2020-12-18T00:00:00.000Z,1.06,1.22,1.05,1.09,9961757,1.06,1.22,1.05,1.09,9961757,0.0,1.0
440,2020-12-21T00:00:00.000Z,1.06,1.12,0.9411,0.9925,7172359,1.06,1.12,0.9411,0.9925,7172359,0.0,1.0
441,2020-12-22T00:00:00.000Z,1.01,1.16,0.9809,1.15,7231098,1.01,1.16,0.9809,1.15,7231098,0.0,1.0
442,2020-12-23T00:00:00.000Z,1.0,1.0492,0.934,1.01,4636553,1.0,1.0492,0.934,1.01,4636553,0.0,1.0
443,2020-12-24T00:00:00.000Z,1.01,1.05,1.0,1.0,2082184,1.01,1.05,1.0,1.0,2082184,0.0,1.0
444,2020-12-28T00:00:00.000Z,1.19,1.2699,1.11,1.2,13038166,1.19,1.2699,1.11,1.2,13038166,0.0,1.0
445,2020-12-29T00:00:00.000Z,1.08,1.1331,1.03,1.13,3667500,1.08,1.1331,1.03,1.13,3667500,0.0,1.0
446,2020-12-30T00:00:00.000Z,1.36,1.5,1.1,1.1729,20810053,1.36,1.5,1.1,1.1729,20810053,0.0,1.0
447,2020-12-31T00:00:00.000Z,1.26,1.34,1.21,1.31,5938024,1.26,1.34,1.21,1.31,5938024,0.0,1.0
448,2021-01-04T00:00:00.000Z,1.2,1.37,1.16,1.37,5911880,1.2,1.37,1.16,1.37,5911880,0.0,1.0
449,2021-01-05T00:00:00.000Z,1.29,1.3273,1.123,1.2,4548193,1.29,1.3273,1.123,1.2,4548193,0.0,1.0
450,2021-01-06T00:00:00.000Z,1.11,1.2833,1.0601,1.28,7478615,1.11,1.2833,1.0601,1.28,7478615,0.0,1.0
451,2021-01-07T00:00:00.000Z,1.22,1.35,1.15,1.17,16813776,1.22,1.35,1.15,1.17,16813776,0.0,1.0
452,2021-01-08T00:00:00.000Z,1.35,1.46,1.25,1.2897,13287812,1.35,1.46,1.25,1.2897,13287812,0.0,1.0
453,2021-01-11T00:00:00.000Z,1.27,1.3401,1.2079,1.24,4120713,1.27,1.3401,1.2079,1.24,4120713,0.0,1.0
454,2021-01-12T00:00:00.000Z,1.29,1.33,1.22,1.28,3930899,1.29,1.33,1.22,1.28,3930899,0.0,1.0
455,2021-01-13T00:00:00.000Z,1.21,1.29,1.2,1.29,4648785,1.21,1.29,1.2,1.29,4648785,0.0,1.0
456,2021-01-14T00:00:00.000Z,1.32,1.34,1.22,1.2613,8459224,1.32,1.34,1.22,1.2613,8459224,0.0,1.0
457,2021-01-15T00:00:00.000Z,1.34,1.55,1.29,1.39,11586350,1.34,1.55,1.29,1.39,11586350,0.0,1.0
458,2021-01-19T00:00:00.000Z,1.33,1.4,1.25,1.31,3695301,1.33,1.4,1.25,1.31,3695301,0.0,1.0
459,2021-01-20T00:00:00.000Z,1.29,1.3492,1.27,1.33,2236677,1.29,1.3492,1.27,1.33,2236677,0.0,1.0
460,2021-01-21T00:00:00.000Z,1.29,1.35,1.29,1.33,3492153,1.29,1.35,1.29,1.33,3492153,0.0,1.0
461,2021-01-22T00:00:00.000Z,1.32,1.35,1.22,1.28,6907574,1.32,1.35,1.22,1.28,6907574,0.0,1.0
462,2021-01-25T00:00:00.000Z,1.45,1.48,1.27,1.43,14090089,1.45,1.48,1.27,1.43,14090089,0.0,1.0
463,2021-01-26T00:00:00.000Z,1.81,2.41,1.75,2.14,114058019,1.81,2.41,1.75,2.14,114058019,0.0,1.0
464,2021-01-27T00:00:00.000Z,1.59,1.8,1.54,1.56,9636549,1.59,1.8,1.54,1.56,9636549,0.0,1.0
465,2021-01-28T00:00:00.000Z,1.64,1.83,1.5,1.5606,9490727,1.64,1.83,1.5,1.5606,9490727,0.0,1.0
466,2021-01-29T00:00:00.000Z,2.08,2.24,1.63,1.74,71581173,2.08,2.24,1.63,1.74,71581173,0.0,1.0
467,2021-02-01T00:00:00.000Z,2.69,3.17,2.43,3.06,77910698,2.69,3.17,2.43,3.06,77910698,0.0,1.0
468,2021-02-02T00:00:00.000Z,2.51,2.54,2.1,2.35,18411243,2.51,2.54,2.1,2.35,18411243,0.0,1.0
469,2021-02-03T00:00:00.000Z,2.35,2.52,2.27,2.33,8475174,2.35,2.52,2.27,2.33,8475174,0.0,1.0
470,2021-02-04T00:00:00.000Z,2.16,2.41,2.16,2.39,8448666,2.16,2.41,2.16,2.39,8448666,0.0,1.0
471,2021-02-05T00:00:00.000Z,2.2,2.3,2.15,2.23,5534591,2.2,2.3,2.15,2.23,5534591,0.0,1.0
472,2021-02-08T00:00:00.000Z,2.77,2.92,2.52,2.68,20215697,2.77,2.92,2.52,2.68,20215697,0.0,1.0
473,2021-02-09T00:00:00.000Z,2.68,2.87,2.55,2.68,9682363,2.68,2.87,2.55,2.68,9682363,0.0,1.0
474,2021-02-10T00:00:00.000Z,3.04,3.27,2.4,2.7,24722557,3.04,3.27,2.4,2.7,24722557,0.0,1.0
475,2021-02-11T00:00:00.000Z,2.81,3.3376,2.75,3.06,12892750,2.81,3.3376,2.75,3.06,12892750,0.0,1.0
476,2021-02-12T00:00:00.000Z,2.64,2.77,2.575,2.66,9776607,2.64,2.77,2.575,2.66,9776607,0.0,1.0
477,2021-02-16T00:00:00.000Z,2.77,3.039,2.63,2.84,12223101,2.77,3.039,2.63,2.84,12223101,0.0,1.0
478,2021-02-17T00:00:00.000Z,2.89,3.0708,2.66,2.89,27066134,2.89,3.0708,2.66,2.89,27066134,0.0,1.0
479,2021-02-18T00:00:00.000Z,2.42,2.845,2.41,2.81,14305495,2.42,2.845,2.41,2.81,14305495,0.0,1.0
480,2021-02-19T00:00:00.000Z,2.55,2.62,2.43,2.49,9130214,2.55,2.62,2.43,2.49,9130214,0.0,1.0
481,2021-02-22T00:00:00.000Z,2.32,2.4408,2.26,2.4,7317170,2.32,2.4408,2.26,2.4,7317170,0.0,1.0
482,2021-02-23T00:00:00.000Z,2.0,2.09,1.71,1.98,9737922,2.0,2.09,1.71,1.98,9737922,0.0,1.0
483,2021-02-24T00:00:00.000Z,2.17,2.24,2.01,2.01,4821830,2.17,2.24,2.01,2.01,4821830,0.0,1.0
484,2021-02-25T00:00:00.000Z,1.87,2.1359,1.86,2.1359,5885890,1.87,2.1359,1.86,2.1359,5885890,0.0,1.0
485,2021-02-26T00:00:00.000Z,1.8,1.92,1.7,1.78,3985783,1.8,1.92,1.7,1.78,3985783,0.0,1.0
486,2021-03-01T00:00:00.000Z,1.8,1.99,1.775,1.86,6881029,1.8,1.99,1.775,1.86,6881029,0.0,1.0
487,2021-03-02T00:00:00.000Z,1.75,1.9,1.71,1.87,4024952,1.75,1.9,1.71,1.87,4024952,0.0,1.0
488,2021-03-03T00:00:00.000Z,1.64,1.85,1.6,1.81,4577688,1.64,1.85,1.6,1.81,4577688,0.0,1.0
489,2021-03-04T00:00:00.000Z,1.32,1.6,1.25,1.55,6666004,1.32,1.6,1.25,1.55,6666004,0.0,1.0
490,2021-03-05T00:00:00.000Z,1.31,1.3914,1.14,1.3914,4921024,1.31,1.3914,1.14,1.3914,4921024,0.0,1.0
491,2021-03-08T00:00:00.000Z,1.56,1.59,1.32,1.38,3719311,1.56,1.59,1.32,1.38,3719311,0.0,1.0
492,2021-03-09T00:00:00.000Z,1.65,1.73,1.53,1.5795,3653554,1.65,1.73,1.53,1.5795,3653554,0.0,1.0
493,2021-03-10T00:00:00.000Z,1.62,1.75,1.52,1.71,4864603,1.62,1.75,1.52,1.71,4864603,0.0,1.0
494,2021-03-11T00:00:00.000Z,1.93,3.07,1.83,2.18,173015358,1.93,3.07,1.83,2.18,173015358,0.0,1.0
495,2021-03-12T00:00:00.000Z,2.1,2.15,1.92,1.94,14835366,2.1,2.15,1.92,1.94,14835366,0.0,1.0
496,2021-03-15T00:00:00.000Z,2.04,2.1,1.98,2.08,4860664,2.04,2.1,1.98,2.08,4860664,0.0,1.0
497,2021-03-16T00:00:00.000Z,2.0,2.15,1.92,2.0,8021816,2.0,2.15,1.92,2.0,8021816,0.0,1.0
498,2021-03-17T00:00:00.000Z,2.28,2.335,2.0,2.03,12648415,2.28,2.335,2.0,2.03,12648415,0.0,1.0
499,2021-03-18T00:00:00.000Z,2.11,2.38,2.08,2.12,6046094,2.11,2.38,2.08,2.12,6046094,0.0,1.0
500,2021-03-19T00:00:00.000Z,2.09,2.25,2.07,2.15,3228714,2.09,2.25,2.07,2.15,3228714,0.0,1.0
501,2021-03-22T00:00:00.000Z,2.05,2.16,1.99,2.14,3140714,2.05,2.16,1.99,2.14,3140714,0.0,1.0
502,2021-03-23T00:00:00.000Z,1.97,2.22,1.94,2.05,8268548,1.97,2.22,1.94,2.05,8268548,0.0,1.0
503,2021-03-24T00:00:00.000Z,1.92,2.4,1.88,2.0481,20675698,1.92,2.4,1.88,2.0481,20675698,0.0,1.0
504,2021-03-25T00:00:00.000Z,1.9,2.02,1.75,1.8077,9000723,1.9,2.02,1.75,1.8077,9000723,0.0,1.0
505,2021-03-26T00:00:00.000Z,1.63,1.82,1.48,1.7763,13015493,1.63,1.82,1.48,1.7763,13015493,0.0,1.0
506,2021-03-29T00:00:00.000Z,1.58,1.63,1.51,1.57,2948347,1.58,1.63,1.51,1.57,2948347,0.0,1.0
507,2021-03-30T00:00:00.000Z,1.57,1.58,1.48,1.54,2185497,1.57,1.58,1.48,1.54,2185497,0.0,1.0
508,2021-03-31T00:00:00.000Z,1.65,1.68,1.562,1.57,3242030,1.65,1.68,1.562,1.57,3242030,0.0,1.0
509,2021-04-01T00:00:00.000Z,1.62,1.74,1.6,1.65,2598843,1.62,1.74,1.6,1.65,2598843,0.0,1.0
510,2021-04-05T00:00:00.000Z,1.72,1.72,1.6,1.65,2611927,1.72,1.72,1.6,1.65,2611927,0.0,1.0
511,2021-04-06T00:00:00.000Z,1.92,2.47,1.86,2.15,151509397,1.92,2.47,1.86,2.15,151509397,0.0,1.0
512,2021-04-07T00:00:00.000Z,2.02,2.02,1.83,1.85,10884511,2.02,2.02,1.83,1.85,10884511,0.0,1.0
513,2021-04-08T00:00:00.000Z,1.9,1.98,1.87,1.92,6786289,1.9,1.98,1.87,1.92,6786289,0.0,1.0
514,2021-04-09T00:00:00.000Z,1.89,2.02,1.85,1.88,6871146,1.89,2.02,1.85,1.88,6871146,0.0,1.0
515,2021-04-12T00:00:00.000Z,1.75,1.94,1.7,1.93,6159480,1.75,1.94,1.7,1.93,6159480,0.0,1.0
516,2021-04-13T00:00:00.000Z,1.71,1.79,1.695,1.78,2205456,1.71,1.79,1.695,1.78,2205456,0.0,1.0
517,2021-04-14T00:00:00.000Z,1.71,1.82,1.685,1.82,4364733,1.71,1.82,1.685,1.82,4364733,0.0,1.0
518,2021-04-15T00:00:00.000Z,1.59,1.73,1.57,1.73,3049764,1.59,1.73,1.57,1.73,3049764,0.0,1.0
519,2021-04-16T00:00:00.000Z,1.46,1.55,1.41,1.55,4074620,1.46,1.55,1.41,1.55,4074620,0.0,1.0
520,2021-04-19T00:00:00.000Z,1.515,1.52,1.41,1.46,1840429,1.515,1.52,1.41,1.46,1840429,0.0,1.0
521,2021-04-20T00:00:00.000Z,1.38,1.51,1.35,1.5,2273738,1.38,1.51,1.35,1.5,2273738,0.0,1.0
522,2021-04-21T00:00:00.000Z,1.54,1.54,1.35,1.35,1465547,1.54,1.54,1.35,1.35,1465547,0.0,1.0
523,2021-04-22T00:00:00.000Z,1.51,1.68,1.4618,1.56,3790528,1.51,1.68,1.4618,1.56,3790528,0.0,1.0
524,2021-04-23T00:00:00.000Z,1.49,1.575,1.46,1.53,1486393,1.49,1.575,1.46,1.53,1486393,0.0,1.0
525,2021-04-26T00:00:00.000Z,1.63,1.68,1.48,1.51,2714646,1.63,1.68,1.48,1.51,2714646,0.0,1.0
526,2021-04-27T00:00:00.000Z,1.6,1.68,1.56,1.65,1545111,1.6,1.68,1.56,1.65,1545111,0.0,1.0
527,2021-04-28T00:00:00.000Z,1.64,1.65,1.534,1.5834,1163484,1.64,1.65,1.534,1.5834,1163484,0.0,1.0
528,2021-04-29T00:00:00.000Z,1.62,1.65,1.54,1.64,1025748,1.62,1.65,1.54,1.64,1025748,0.0,1.0
529,2021-04-30T00:00:00.000Z,1.59,1.625,1.55,1.59,857072,1.59,1.625,1.55,1.59,857072,0.0,1.0
530,2021-05-03T00:00:00.000Z,1.53,1.6,1.51,1.57,1211868,1.53,1.6,1.51,1.57,1211868,0.0,1.0
531,2021-05-04T00:00:00.000Z,1.52,1.54,1.42,1.509,1536372,1.52,1.54,1.42,1.509,1536372,0.0,1.0
532,2021-05-05T00:00:00.000Z,1.46,1.51,1.42,1.5,1281971,1.46,1.51,1.42,1.5,1281971,0.0,1.0
533,2021-05-06T00:00:00.000Z,1.36,1.46,1.32,1.43,1935089,1.36,1.46,1.32,1.43,1935089,0.0,1.0
534,2021-05-07T00:00:00.000Z,1.35,1.4,1.32,1.34,1143546,1.35,1.4,1.32,1.34,1143546,0.0,1.0
535,2021-05-10T00:00:00.000Z,1.23,1.36,1.22,1.34,2322704,1.23,1.36,1.22,1.34,2322704,0.0,1.0
536,2021-05-11T00:00:00.000Z,1.4,1.57,1.31,1.31,22259865,1.4,1.57,1.31,1.31,22259865,0.0,1.0
537,2021-05-12T00:00:00.000Z,1.36,1.41,1.27,1.37,5670634,1.36,1.41,1.27,1.37,5670634,0.0,1.0
538,2021-05-13T00:00:00.000Z,1.15,1.36,1.14,1.33,3741766,1.15,1.36,1.14,1.33,3741766,0.0,1.0
539,2021-05-14T00:00:00.000Z,1.25,1.275,1.15,1.185,2017817,1.25,1.275,1.15,1.185,2017817,0.0,1.0
540,2021-05-17T00:00:00.000Z,1.36,1.37,1.2,1.3,1890180,1.36,1.37,1.2,1.3,1890180,0.0,1.0
541,2021-05-18T00:00:00.000Z,1.38,1.4,1.3101,1.35,1241804,1.38,1.4,1.3101,1.35,1241804,0.0,1.0
542,2021-05-19T00:00:00.000Z,1.28,1.32,1.24,1.2717,1529222,1.28,1.32,1.24,1.2717,1529222,0.0,1.0
543,2021-05-20T00:00:00.000Z,1.3,1.35,1.2618,1.35,761708,1.3,1.35,1.2618,1.35,761708,0.0,1.0
544,2021-05-21T00:00:00.000Z,1.31,1.34,1.27,1.29,1086696,1.31,1.34,1.27,1.29,1086696,0.0,1.0
545,2021-05-24T00:00:00.000Z,1.25,1.3,1.2301,1.28,1002560,1.25,1.3,1.2301,1.28,1002560,0.0,1.0
546,2021-05-25T00:00:00.000Z,1.3,1.3,1.25,1.27,869973,1.3,1.3,1.25,1.27,869973,0.0,1.0
547,2021-05-26T00:00:00.000Z,1.33,1.35,1.26,1.3,1362081,1.33,1.35,1.26,1.3,1362081,0.0,1.0
548,2021-05-27T00:00:00.000Z,1.37,1.37,1.295,1.33,1481063,1.37,1.37,1.295,1.33,1481063,0.0,1.0
549,2021-05-28T00:00:00.000Z,1.36,1.3685,1.31,1.32,876560,1.36,1.3685,1.31,1.32,876560,0.0,1.0
550,2021-06-01T00:00:00.000Z,1.4,1.42,1.31,1.34,1670330,1.4,1.42,1.31,1.34,1670330,0.0,1.0
551,2021-06-02T00:00:00.000Z,1.41,1.435,1.35,1.39,1491899,1.41,1.435,1.35,1.39,1491899,0.0,1.0
552,2021-06-03T00:00:00.000Z,1.44,1.47,1.36,1.381,1269118,1.44,1.47,1.36,1.381,1269118,0.0,1.0
553,2021-06-04T00:00:00.000Z,1.42,1.44,1.39,1.41,1021350,1.42,1.44,1.39,1.41,1021350,0.0,1.0
554,2021-06-07T00:00:00.000Z,1.46,1.47,1.4,1.4,1242366,1.46,1.47,1.4,1.4,1242366,0.0,1.0
555,2021-06-08T00:00:00.000Z,1.47,1.55,1.42,1.51,2010258,1.47,1.55,1.42,1.51,2010258,0.0,1.0
556,2021-06-09T00:00:00.000Z,1.44,1.48,1.38,1.47,1515695,1.44,1.48,1.38,1.47,1515695,0.0,1.0
557,2021-06-10T00:00:00.000Z,1.38,1.47,1.355,1.42,1089987,1.38,1.47,1.355,1.42,1089987,0.0,1.0
558,2021-06-11T00:00:00.000Z,1.41,1.42,1.38,1.38,874734,1.41,1.42,1.38,1.38,874734,0.0,1.0
559,2021-06-14T00:00:00.000Z,1.47,1.5,1.43,1.44,2393775,1.47,1.5,1.43,1.44,2393775,0.0,1.0
560,2021-06-15T00:00:00.000Z,1.39,1.47,1.36,1.46,1347902,1.39,1.47,1.36,1.46,1347902,0.0,1.0
561,2021-06-16T00:00:00.000Z,1.34,1.4,1.31,1.39,867748,1.34,1.4,1.31,1.39,867748,0.0,1.0
562,2021-06-17T00:00:00.000Z,1.3,1.38,1.28,1.38,637347,1.3,1.38,1.28,1.38,637347,0.0,1.0
563,2021-06-18T00:00:00.000Z,1.3,1.325,1.26,1.26,1036298,1.3,1.325,1.26,1.26,1036298,0.0,1.0
564,2021-06-21T00:00:00.000Z,1.26,1.28,1.25,1.26,610712,1.26,1.28,1.25,1.26,610712,0.0,1.0
565,2021-06-22T00:00:00.000Z,1.27,1.29,1.22,1.27,599344,1.27,1.29,1.22,1.27,599344,0.0,1.0
566,2021-06-23T00:00:00.000Z,1.36,1.37,1.27,1.27,1016147,1.36,1.37,1.27,1.27,1016147,0.0,1.0
567,2021-06-24T00:00:00.000Z,1.36,1.4,1.33,1.35,1099230,1.36,1.4,1.33,1.35,1099230,0.0,1.0
568,2021-06-25T00:00:00.000Z,1.37,1.38,1.31,1.37,1395812,1.37,1.38,1.31,1.37,1395812,0.0,1.0
569,2021-06-28T00:00:00.000Z,1.33,1.4,1.32,1.3967,952926,1.33,1.4,1.32,1.3967,952926,0.0,1.0
570,2021-06-29T00:00:00.000Z,1.56,1.585,1.38,1.45,15414223,1.56,1.585,1.38,1.45,15414223,0.0,1.0
571,2021-06-30T00:00:00.000Z,1.39,1.537,1.37,1.52,5448825,1.39,1.537,1.37,1.52,5448825,0.0,1.0
572,2021-07-01T00:00:00.000Z,1.34,1.38,1.34,1.35,1952668,1.34,1.38,1.34,1.35,1952668,0.0,1.0
573,2021-07-02T00:00:00.000Z,1.3,1.38,1.27,1.3618,2703008,1.3,1.38,1.27,1.3618,2703008,0.0,1.0
574,2021-07-06T00:00:00.000Z,1.29,1.29,1.25,1.29,820233,1.29,1.29,1.25,1.29,820233,0.0,1.0
575,2021-07-07T00:00:00.000Z,1.24,1.2708,1.18,1.2708,2012659,1.24,1.2708,1.18,1.2708,2012659,0.0,1.0
576,2021-07-08T00:00:00.000Z,1.27,1.3261,1.16,1.1884,3573754,1.27,1.3261,1.16,1.1884,3573754,0.0,1.0
577,2021-07-09T00:00:00.000Z,1.25,1.27,1.2291,1.27,758062,1.25,1.27,1.2291,1.27,758062,0.0,1.0
578,2021-07-12T00:00:00.000Z,1.22,1.26,1.2,1.26,769190,1.22,1.26,1.2,1.26,769190,0.0,1.0
579,2021-07-13T00:00:00.000Z,1.18,1.22,1.17,1.2,859292,1.18,1.22,1.17,1.2,859292,0.0,1.0
580,2021-07-14T00:00:00.000Z,1.13,1.22,1.09,1.18,1809001,1.13,1.22,1.09,1.18,1809001,0.0,1.0
581,2021-07-15T00:00:00.000Z,1.1,1.15,1.05,1.15,1330255,1.1,1.15,1.05,1.15,1330255,0.0,1.0
582,2021-07-16T00:00:00.000Z,1.11,1.14,1.08,1.1017,798940,1.11,1.14,1.08,1.1017,798940,0.0,1.0
583,2021-07-19T00:00:00.000Z,1.07,1.09,1.03,1.08,753057,1.07,1.09,1.03,1.08,753057,0.0,1.0
584,2021-07-20T00:00:00.000Z,1.11,1.15,1.075,1.0832,859487,1.11,1.15,1.075,1.0832,859487,0.0,1.0
585,2021-07-21T00:00:00.000Z,1.17,1.22,1.1,1.1,936001,1.17,1.22,1.1,1.1,936001,0.0,1.0
586,2021-07-22T00:00:00.000Z,1.11,1.171,1.09,1.17,805830,1.11,1.171,1.09,1.17,805830,0.0,1.0
587,2021-07-23T00:00:00.000Z,1.08,1.1299,1.07,1.11,658610,1.08,1.1299,1.07,1.11,658610,0.0,1.0
588,2021-07-26T00:00:00.000Z,1.09,1.15,1.05,1.09,3609346,1.09,1.15,1.05,1.09,3609346,0.0,1.0
589,2021-07-27T00:00:00.000Z,1.03,1.09,1.0,1.08,1865201,1.03,1.09,1.0,1.08,1865201,0.0,1.0
590,2021-07-28T00:00:00.000Z,1.13,1.16,1.0411,1.07,3558994,1.13,1.16,1.0411,1.07,3558994,0.0,1.0
591,2021-07-29T00:00:00.000Z,1.09,1.13,1.07,1.11,798366,1.09,1.13,1.07,1.11,798366,0.0,1.0
592,2021-07-30T00:00:00.000Z,1.1,1.15,1.09,1.09,815725,1.1,1.15,1.09,1.09,815725,0.0,1.0
593,2021-08-02T00:00:00.000Z,1.1,1.12,1.09,1.12,614070,1.1,1.12,1.09,1.12,614070,0.0,1.0
594,2021-08-03T00:00:00.000Z,1.07,1.1,1.06,1.09,575853,1.07,1.1,1.06,1.09,575853,0.0,1.0
595,2021-08-04T00:00:00.000Z,1.08,1.09,1.06,1.06,959099,1.08,1.09,1.06,1.06,959099,0.0,1.0
596,2021-08-05T00:00:00.000Z,1.05,1.07,1.0101,1.06,1354237,1.05,1.07,1.0101,1.06,1354237,0.0,1.0
597,2021-08-06T00:00:00.000Z,1.08,1.11,1.04,1.04,4376899,1.08,1.11,1.04,1.04,4376899,0.0,1.0
598,2021-08-09T00:00:00.000Z,1.15,1.195,1.1,1.11,6065072,1.15,1.195,1.1,1.11,6065072,0.0,1.0
599,2021-08-10T00:00:00.000Z,1.09,1.145,1.07,1.13,2126068,1.09,1.145,1.07,1.13,2126068,0.0,1.0
600,2021-08-11T00:00:00.000Z,1.1,1.145,1.09,1.09,1833641,1.1,1.145,1.09,1.09,1833641,0.0,1.0
601,2021-08-12T00:00:00.000Z,1.09,1.1,1.0511,1.1,1654907,1.09,1.1,1.0511,1.1,1654907,0.0,1.0
602,2021-08-13T00:00:00.000Z,0.9201,1.01,0.88,1.0,6384906,0.9201,1.01,0.88,1.0,6384906,0.0,1.0
603,2021-08-16T00:00:00.000Z,0.8502,0.91,0.8402,0.9057,1658720,0.8502,0.91,0.8402,0.9057,1658720,0.0,1.0
604,2021-08-17T00:00:00.000Z,0.8599,0.9551,0.8414,0.8773,7507222,0.8599,0.9551,0.8414,0.8773,7507222,0.0,1.0
605,2021-08-18T00:00:00.000Z,0.8728,0.8967,0.8301,0.8553,2932512,0.8728,0.8967,0.8301,0.8553,2932512,0.0,1.0
606,2021-08-19T00:00:00.000Z,0.821,0.8699,0.8201,0.8602,899943,0.821,0.8699,0.8201,0.8602,899943,0.0,1.0
607,2021-08-20T00:00:00.000Z,0.8656,0.9199,0.83,0.832,3566532,0.8656,0.9199,0.83,0.832,3566532,0.0,1.0
608,2021-08-23T00:00:00.000Z,0.9101,0.93,0.87,0.8811,2013542,0.9101,0.93,0.87,0.8811,2013542,0.0,1.0
609,2021-08-24T00:00:00.000Z,0.9632,0.9696,0.8859,0.91,1305215,0.9632,0.9696,0.8859,0.91,1305215,0.0,1.0
610,2021-08-25T00:00:00.000Z,1.04,1.05,0.951,0.98,2154596,1.04,1.05,0.951,0.98,2154596,0.0,1.0
611,2021-08-26T00:00:00.000Z,1.01,1.04,0.9805,1.02,938803,1.01,1.04,0.9805,1.02,938803,0.0,1.0
612,2021-08-27T00:00:00.000Z,1.05,1.05,1.0,1.04,1856777,1.05,1.05,1.0,1.04,1856777,0.0,1.0
613,2021-08-30T00:00:00.000Z,1.06,1.09,1.02,1.08,1311575,1.06,1.09,1.02,1.08,1311575,0.0,1.0
614,2021-08-31T00:00:00.000Z,1.11,1.13,1.04,1.04,1434965,1.11,1.13,1.04,1.04,1434965,0.0,1.0
615,2021-09-01T00:00:00.000Z,1.11,1.16,1.08,1.13,2544225,1.11,1.16,1.08,1.13,2544225,0.0,1.0
616,2021-09-02T00:00:00.000Z,1.15,1.19,1.11,1.1177,2130713,1.15,1.19,1.11,1.1177,2130713,0.0,1.0
617,2021-09-03T00:00:00.000Z,1.12,1.15,1.08,1.13,1105669,1.12,1.15,1.08,1.13,1105669,0.0,1.0
618,2021-09-07T00:00:00.000Z,1.08,1.14,1.04,1.13,994828,1.08,1.14,1.04,1.13,994828,0.0,1.0
619,2021-09-08T00:00:00.000Z,1.05,1.07,1.01,1.06,1344657,1.05,1.07,1.01,1.06,1344657,0.0,1.0
620,2021-09-09T00:00:00.000Z,1.08,1.1,1.03,1.03,930026,1.08,1.1,1.03,1.03,930026,0.0,1.0
621,2021-09-10T00:00:00.000Z,1.04,1.07,1.03,1.0625,492918,1.04,1.07,1.03,1.0625,492918,0.0,1.0
622,2021-09-13T00:00:00.000Z,1.04,1.06,1.03,1.04,976140,1.04,1.06,1.03,1.04,976140,0.0,1.0
623,2021-09-14T00:00:00.000Z,0.9987,1.05,0.98,1.05,772701,0.9987,1.05,0.98,1.05,772701,0.0,1.0
624,2021-09-15T00:00:00.000Z,1.01,1.04,0.964,0.9987,911449,1.01,1.04,0.964,0.9987,911449,0.0,1.0
625,2021-09-16T00:00:00.000Z,1.01,1.01,0.9802,1.0,520077,1.01,1.01,0.9802,1.0,520077,0.0,1.0
626,2021-09-17T00:00:00.000Z,1.05,1.055,0.985,1.0,1053753,1.05,1.055,0.985,1.0,1053753,0.0,1.0
627,2021-09-20T00:00:00.000Z,0.99,1.01,0.9707,0.982,744362,0.99,1.01,0.9707,0.982,744362,0.0,1.0
628,2021-09-21T00:00:00.000Z,0.9776,1.01,0.97,0.9734,476716,0.9776,1.01,0.97,0.9734,476716,0.0,1.0
629,2021-09-22T00:00:00.000Z,0.985,1.0,0.972,0.974,555553,0.985,1.0,0.972,0.974,555553,0.0,1.0
630,2021-09-23T00:00:00.000Z,0.9979,1.0,0.9701,0.99,455175,0.9979,1.0,0.9701,0.99,455175,0.0,1.0
631,2021-09-24T00:00:00.000Z,1.01,1.01,0.984,1.0,328758,1.01,1.01,0.984,1.0,328758,0.0,1.0
632,2021-09-27T00:00:00.000Z,0.9908,1.03,0.9801,0.9988,585617,0.9908,1.03,0.9801,0.9988,585617,0.0,1.0
633,2021-09-28T00:00:00.000Z,0.9505,0.9916,0.95,0.9916,688686,0.9505,0.9916,0.95,0.9916,688686,0.0,1.0
634,2021-09-29T00:00:00.000Z,0.9449,0.9699,0.9301,0.96,365845,0.9449,0.9699,0.9301,0.96,365845,0.0,1.0
635,2021-09-30T00:00:00.000Z,0.9288,0.941,0.9102,0.93,637501,0.9288,0.941,0.9102,0.93,637501,0.0,1.0
636,2021-10-01T00:00:00.000Z,0.9228,0.9399,0.92,0.925,582668,0.9228,0.9399,0.92,0.925,582668,0.0,1.0
637,2021-10-04T00:00:00.000Z,0.881,0.92,0.8726,0.92,756709,0.881,0.92,0.8726,0.92,756709,0.0,1.0
638,2021-10-05T00:00:00.000Z,0.879,0.9,0.87,0.9,716130,0.879,0.9,0.87,0.9,716130,0.0,1.0
639,2021-10-06T00:00:00.000Z,0.8902,0.9202,0.85,0.87,1366233,0.8902,0.9202,0.85,0.87,1366233,0.0,1.0
640,2021-10-07T00:00:00.000Z,0.8848,0.9247,0.861,0.9,792286,0.8848,0.9247,0.861,0.9,792286,0.0,1.0
641,2021-10-08T00:00:00.000Z,0.9024,0.9088,0.861,0.893,676105,0.9024,0.9088,0.861,0.893,676105,0.0,1.0
642,2021-10-11T00:00:00.000Z,0.9099,0.9399,0.9,0.906,1826129,0.9099,0.9399,0.9,0.906,1826129,0.0,1.0
643,2021-10-12T00:00:00.000Z,0.93,0.945,0.89,0.91,1206947,0.93,0.945,0.89,0.91,1206947,0.0,1.0
644,2021-10-13T00:00:00.000Z,0.932,0.95,0.9101,0.9413,1528623,0.932,0.95,0.9101,0.9413,1528623,0.0,1.0
645,2021-10-14T00:00:00.000Z,0.9282,0.955,0.915,0.9223,794370,0.9282,0.955,0.915,0.9223,794370,0.0,1.0
646,2021-10-15T00:00:00.000Z,1.03,1.06,0.929862,0.93,3986833,1.03,1.06,0.929862,0.93,3986833,0.0,1.0
647,2021-10-18T00:00:00.000Z,1.02,1.065,1.0,1.03,1703902,1.02,1.065,1.0,1.03,1703902,0.0,1.0
648,2021-10-19T00:00:00.000Z,1.02,1.06,0.9779,1.04,3201200,1.02,1.06,0.9779,1.04,3201200,0.0,1.0
649,2021-10-20T00:00:00.000Z,1.05,1.09,0.98,1.0,3238007,1.05,1.09,0.98,1.0,3238007,0.0,1.0
650,2021-10-21T00:00:00.000Z,1.53,1.92,1.03,1.05,105882308,1.53,1.92,1.03,1.05,105882308,0.0,1.0
651,2021-10-22T00:00:00.000Z,8.74,24.04,5.5185,7.53,629929553,8.74,24.04,5.5185,7.53,629929553,0.0,1.0
652,2021-10-25T00:00:00.000Z,7.16,12.0,6.65,11.92,237701615,7.16,12.0,6.65,11.92,237701615,0.0,1.0
653,2021-10-26T00:00:00.000Z,4.35,6.69,4.2,6.35,126906902,4.35,6.69,4.2,6.35,126906902,0.0,1.0
654,2021-10-27T00:00:00.000Z,4.78,5.65,4.51,5.04,173307708,4.78,5.65,4.51,5.04,173307708,0.0,1.0
655,2021-10-28T00:00:00.000Z,4.79,5.12,4.51,4.95,58883734,4.79,5.12,4.51,4.95,58883734,0.0,1.0
656,2021-10-29T00:00:00.000Z,4.29,4.66,4.16,4.58,39602963,4.29,4.66,4.16,4.58,39602963,0.0,1.0
657,2021-11-01T00:00:00.000Z,3.83,4.2,3.77,4.179,26492181,3.83,4.2,3.77,4.179,26492181,0.0,1.0
658,2021-11-02T00:00:00.000Z,4.57,5.18,3.19,3.59,96466818,4.57,5.18,3.19,3.59,96466818,0.0,1.0
659,2021-11-03T00:00:00.000Z,4.39,5.14,4.25,4.4,56743863,4.39,5.14,4.25,4.4,56743863,0.0,1.0
660,2021-11-04T00:00:00.000Z,4.19,4.42,4.12,4.36,14306577,4.19,4.42,4.12,4.36,14306577,0.0,1.0
661,2021-11-05T00:00:00.000Z,4.22,4.35,4.01,4.32,12149967,4.22,4.35,4.01,4.32,12149967,0.0,1.0
662,2021-11-08T00:00:00.000Z,4.34,4.6,4.08,4.16,20642142,4.34,4.6,4.08,4.16,20642142,0.0,1.0
663,2021-11-09T00:00:00.000Z,4.08,4.1956,3.96,4.17,10178453,4.08,4.1956,3.96,4.17,10178453,0.0,1.0
664,2021-11-10T00:00:00.000Z,3.9,4.32,3.8301,4.03,18884710,3.9,4.32,3.8301,4.03,18884710,0.0,1.0
665,2021-11-11T00:00:00.000Z,3.91,4.04,3.86,3.93,14758344,3.91,4.04,3.86,3.93,14758344,0.0,1.0
666,2021-11-12T00:00:00.000Z,4.09,4.6,3.835,4.02,38872239,4.09,4.6,3.835,4.02,38872239,0.0,1.0
667,2021-11-15T00:00:00.000Z,4.01,4.18,3.955,4.06,12621968,4.01,4.18,3.955,4.06,12621968,0.0,1.0
668,2021-11-16T00:00:00.000Z,3.93,4.125,3.88,3.98,16448060,3.93,4.125,3.88,3.98,16448060,0.0,1.0
669,2021-11-17T00:00:00.000Z,3.76,3.91,3.65,3.9,9381195,3.76,3.91,3.65,3.9,9381195,0.0,1.0
670,2021-11-18T00:00:00.000Z,3.53,3.69,3.43,3.69,9155566,3.53,3.69,3.43,3.69,9155566,0.0,1.0
671,2021-11-19T00:00:00.000Z,3.7,4.12,3.54,3.91,43495892,3.7,4.12,3.54,3.91,43495892,0.0,1.0
672,2021-11-22T00:00:00.000Z,3.38,3.64,3.31,3.6238,10015103,3.38,3.64,3.31,3.6238,10015103,0.0,1.0
673,2021-11-23T00:00:00.000Z,3.37,3.53,3.23,3.39,8029952,3.37,3.53,3.23,3.39,8029952,0.0,1.0
674,2021-11-24T00:00:00.000Z,3.4,3.48,3.27,3.32,8184857,3.4,3.48,3.27,3.32,8184857,0.0,1.0
675,2021-11-26T00:00:00.000Z,3.32,3.44,3.18,3.23,5541746,3.32,3.44,3.18,3.23,5541746,0.0,1.0
676,2021-11-29T00:00:00.000Z,3.19,3.38,3.11,3.3375,6631674,3.19,3.38,3.11,3.3375,6631674,0.0,1.0
677,2021-11-30T00:00:00.000Z,2.91,3.175,2.8315,3.15,11386663,2.91,3.175,2.8315,3.15,11386663,0.0,1.0
678,2021-12-01T00:00:00.000Z,3.25,3.26,2.78,3.01,43758621,3.25,3.26,2.78,3.01,43758621,0.0,1.0
679,2021-12-02T00:00:00.000Z,3.5,4.04,3.36,3.71,107940609,3.5,4.04,3.36,3.71,107940609,0.0,1.0
680,2021-12-03T00:00:00.000Z,3.03,3.33,2.9101,3.3,17226149,3.03,3.33,2.9101,3.3,17226149,0.0,1.0
681,2021-12-06T00:00:00.000Z,2.99,3.15,2.89,3.11,12858862,2.99,3.15,2.89,3.11,12858862,0.0,1.0
682,2021-12-07T00:00:00.000Z,3.23,3.28,3.01,3.06,18594796,3.23,3.28,3.01,3.06,18594796,0.0,1.0
683,2021-12-08T00:00:00.000Z,3.91,3.94,3.07,3.13,55341574,3.91,3.94,3.07,3.13,55341574,0.0,1.0
684,2021-12-09T00:00:00.000Z,3.34,3.78,3.28,3.7,25991181,3.34,3.78,3.28,3.7,25991181,0.0,1.0
685,2021-12-10T00:00:00.000Z,3.39,3.455,3.28,3.37,10481713,3.39,3.455,3.28,3.37,10481713,0.0,1.0
686,2021-12-13T00:00:00.000Z,3.09,3.3599,3.05,3.35,8193601,3.09,3.3599,3.05,3.35,8193601,0.0,1.0
687,2021-12-14T00:00:00.000Z,3.04,3.145,3.0,3.0,6865385,3.04,3.145,3.0,3.0,6865385,0.0,1.0
688,2021-12-15T00:00:00.000Z,3.1,3.11,2.86,3.07,9549363,3.1,3.11,2.86,3.07,9549363,0.0,1.0
689,2021-12-16T00:00:00.000Z,3.04,3.1451,2.96,3.08,6209015,3.04,3.1451,2.96,3.08,6209015,0.0,1.0
690,2021-12-17T00:00:00.000Z,3.06,3.17,2.92,2.99,6580981,3.06,3.17,2.92,2.99,6580981,0.0,1.0
691,2021-12-20T00:00:00.000Z,2.91,3.05,2.85,2.97,7447700,2.91,3.05,2.85,2.97,7447700,0.0,1.0
692,2021-12-21T00:00:00.000Z,3.07,3.07,2.885,2.95,5747041,3.07,3.07,2.885,2.95,5747041,0.0,1.0
693,2021-12-22T00:00:00.000Z,3.04,3.13,2.98,3.03,7372995,3.04,3.13,2.98,3.03,7372995,0.0,1.0
694,2021-12-23T00:00:00.000Z,3.06,3.1,2.96,3.0118,6408392,3.06,3.1,2.96,3.0118,6408392,0.0,1.0
695,2021-12-27T00:00:00.000Z,2.88,3.12,2.88,3.05,6700700,2.88,3.12,2.88,3.05,6700700,0.0,1.0
696,2021-12-28T00:00:00.000Z,2.8,2.91,2.785,2.87,4821849,2.8,2.91,2.785,2.87,4821849,0.0,1.0
697,2021-12-29T00:00:00.000Z,2.68,2.79,2.61,2.7724,5151438,2.68,2.79,2.61,2.7724,5151438,0.0,1.0
698,2021-12-30T00:00:00.000Z,2.74,2.85,2.6,2.65,5939525,2.74,2.85,2.6,2.65,5939525,0.0,1.0
699,2021-12-31T00:00:00.000Z,2.63,2.8199,2.62,2.72,5954397,2.63,2.8199,2.62,2.72,5954397,0.0,1.0
700,2022-01-03T00:00:00.000Z,2.8,2.8,2.62,2.65,5326629,2.8,2.8,2.62,2.65,5326629,0.0,1.0
701,2022-01-04T00:00:00.000Z,2.78,2.83,2.7,2.7521,3138517,2.78,2.83,2.7,2.7521,3138517,0.0,1.0
702,2022-01-05T00:00:00.000Z,2.56,2.7699,2.5,2.72,4185704,2.56,2.7699,2.5,2.72,4185704,0.0,1.0
703,2022-01-06T00:00:00.000Z,3.07,3.18,2.41,2.6,33242254,3.07,3.18,2.41,2.6,33242254,0.0,1.0
704,2022-01-07T00:00:00.000Z,2.66,2.98,2.65,2.86,18223857,2.66,2.98,2.65,2.86,18223857,0.0,1.0
705,2022-01-10T00:00:00.000Z,2.67,2.85,2.5,2.62,26185059,2.67,2.85,2.5,2.62,26185059,0.0,1.0
706,2022-01-11T00:00:00.000Z,2.83,2.96,2.56,2.6445,48116987,2.83,2.96,2.56,2.6445,48116987,0.0,1.0
707,2022-01-12T00:00:00.000Z,3.14,3.15,2.76,2.8114,48175869,3.14,3.15,2.76,2.8114,48175869,0.0,1.0
708,2022-01-13T00:00:00.000Z,2.79,3.11,2.77,3.0491,26918699,2.79,3.11,2.77,3.0491,26918699,0.0,1.0
709,2022-01-14T00:00:00.000Z,2.89,2.94,2.72,2.73,13918425,2.89,2.94,2.72,2.73,13918425,0.0,1.0
710,2022-01-18T00:00:00.000Z,3.25,3.37,2.83,2.8892,63353562,3.25,3.37,2.83,2.8892,63353562,0.0,1.0
711,2022-01-19T00:00:00.000Z,2.83,3.23,2.8,3.21,25852780,2.83,3.23,2.8,3.21,25852780,0.0,1.0
712,2022-01-20T00:00:00.000Z,2.73,3.02,2.72,2.87,17241430,2.73,3.02,2.72,2.87,17241430,0.0,1.0
713,2022-01-21T00:00:00.000Z,2.38,2.75,2.36,2.72,17809267,2.38,2.75,2.36,2.72,17809267,0.0,1.0
714,2022-01-24T00:00:00.000Z,2.35,2.35,2.11,2.21,12008153,2.35,2.35,2.11,2.21,12008153,0.0,1.0
715,2022-01-25T00:00:00.000Z,2.27,2.37,2.215,2.26,10568092,2.27,2.37,2.215,2.26,10568092,0.0,1.0
716,2022-01-26T00:00:00.000Z,2.26,2.48,2.23,2.32,10330422,2.26,2.48,2.23,2.32,10330422,0.0,1.0
717,2022-01-27T00:00:00.000Z,2.1,2.32,2.07,2.31,8285755,2.1,2.32,2.07,2.31,8285755,0.0,1.0
718,2022-01-28T00:00:00.000Z,2.09,2.13,1.93,2.1,9326775,2.09,2.13,1.93,2.1,9326775,0.0,1.0
719,2022-01-31T00:00:00.000Z,2.23,2.3,2.06,2.09,7831370,2.23,2.3,2.06,2.09,7831370,0.0,1.0
720,2022-02-01T00:00:00.000Z,2.36,2.41,2.1759,2.2354,16650510,2.36,2.41,2.1759,2.2354,16650510,0.0,1.0
721,2022-02-02T00:00:00.000Z,2.25,2.34,2.17,2.32,7013451,2.25,2.34,2.17,2.32,7013451,0.0,1.0
722,2022-02-03T00:00:00.000Z,2.43,2.595,2.1553,2.16,17940476,2.43,2.595,2.1553,2.16,17940476,0.0,1.0
723,2022-02-04T00:00:00.000Z,2.54,2.61,2.43,2.4576,12157430,2.54,2.61,2.43,2.4576,12157430,0.0,1.0
724,2022-02-07T00:00:00.000Z,2.96,3.43,2.84,3.02,126876550,2.96,3.43,2.84,3.02,126876550,0.0,1.0
725,2022-02-08T00:00:00.000Z,3.44,3.45,2.8,2.8451,34184014,3.44,3.45,2.8,2.8451,34184014,0.0,1.0
726,2022-02-09T00:00:00.000Z,3.53,3.625,3.28,3.55,33656020,3.53,3.625,3.28,3.55,33656020,0.0,1.0
727,2022-02-10T00:00:00.000Z,3.54,3.87,3.32,3.33,26138056,3.54,3.87,3.32,3.33,26138056,0.0,1.0
728,2022-02-11T00:00:00.000Z,3.34,3.7296,3.2,3.52,17129438,3.34,3.7296,3.2,3.52,17129438,0.0,1.0
729,2022-02-14T00:00:00.000Z,3.52,3.67,3.29,3.36,16759276,3.52,3.67,3.29,3.36,16759276,0.0,1.0
730,2022-02-15T00:00:00.000Z,3.58,3.79,3.45,3.6034,13249152,3.58,3.79,3.45,3.6034,13249152,0.0,1.0
731,2022-02-16T00:00:00.000Z,3.51,3.6893,3.4,3.6,13465657,3.51,3.6893,3.4,3.6,13465657,0.0,1.0
732,2022-02-17T00:00:00.000Z,3.28,3.52,3.26,3.45,11211913,3.28,3.52,3.26,3.45,11211913,0.0,1.0
733,2022-02-18T00:00:00.000Z,3.18,3.35,3.01,3.3,9586454,3.18,3.35,3.01,3.3,9586454,0.0,1.0
734,2022-02-22T00:00:00.000Z,3.28,3.62,3.14,3.59,46756823,3.28,3.62,3.14,3.59,46756823,0.0,1.0
735,2022-02-23T00:00:00.000Z,2.82,3.22,2.78,3.19,13080381,2.82,3.22,2.78,3.19,13080381,0.0,1.0
736,2022-02-24T00:00:00.000Z,2.85,2.88,2.26,2.31,12173489,2.85,2.88,2.26,2.31,12173489,0.0,1.0
737,2022-02-25T00:00:00.000Z,2.97,3.02,2.85,2.92,8533527,2.97,3.02,2.85,2.92,8533527,0.0,1.0
738,2022-02-28T00:00:00.000Z,2.99,3.08,2.87,2.92,6780696,2.99,3.08,2.87,2.92,6780696,0.0,1.0
739,2022-03-01T00:00:00.000Z,2.93,2.98,2.84,2.94,4600248,2.93,2.98,2.84,2.94,4600248,0.0,1.0
740,2022-03-02T00:00:00.000Z,2.88,2.95,2.78,2.93,7337254,2.88,2.95,2.78,2.93,7337254,0.0,1.0
741,2022-03-03T00:00:00.000Z,2.77,2.9,2.72,2.89,5358362,2.77,2.9,2.72,2.89,5358362,0.0,1.0
742,2022-03-04T00:00:00.000Z,2.55,2.75,2.53,2.74,4670196,2.55,2.75,2.53,2.74,4670196,0.0,1.0
743,2022-03-07T00:00:00.000Z,2.31,2.54,2.3,2.53,7293428,2.31,2.54,2.3,2.53,7293428,0.0,1.0
744,2022-03-08T00:00:00.000Z,2.35,2.44,2.11,2.28,7606340,2.35,2.44,2.11,2.28,7606340,0.0,1.0
745,2022-03-09T00:00:00.000Z,2.45,2.54,2.38,2.42,4141461,2.45,2.54,2.38,2.42,4141461,0.0,1.0
746,2022-03-10T00:00:00.000Z,2.42,2.45,2.35,2.35,2959200,2.42,2.45,2.35,2.35,2959200,0.0,1.0
747,2022-03-11T00:00:00.000Z,2.34,2.42,2.25,2.4,3147866,2.34,2.42,2.25,2.4,3147866,0.0,1.0
748,2022-03-14T00:00:00.000Z,2.3,2.385,2.2,2.27,4142587,2.3,2.385,2.2,2.27,4142587,0.0,1.0
749,2022-03-15T00:00:00.000Z,2.43,2.44,2.18,2.25,3426599,2.43,2.44,2.18,2.25,3426599,0.0,1.0
750,2022-03-16T00:00:00.000Z,2.59,2.6,2.4,2.49,8400747,2.59,2.6,2.4,2.49,8400747,0.0,1.0
751,2022-03-17T00:00:00.000Z,2.66,2.68,2.52,2.55,2840824,2.66,2.68,2.52,2.55,2840824,0.0,1.0
752,2022-03-18T00:00:00.000Z,2.73,2.8,2.61,2.67,7682568,2.73,2.8,2.61,2.67,7682568,0.0,1.0
753,2022-03-21T00:00:00.000Z,2.66,2.76,2.595,2.74,3477908,2.66,2.76,2.595,2.74,3477908,0.0,1.0
754,2022-03-22T00:00:00.000Z,2.75,2.78,2.66,2.67,3337779,2.75,2.78,2.66,2.67,3337779,0.0,1.0
755,2022-03-23T00:00:00.000Z,2.88,2.955,2.75,2.79,7124600,2.88,2.955,2.75,2.79,7124600,0.0,1.0
756,2022-03-24T00:00:00.000Z,2.75,2.75,2.45,2.6,7764940,2.75,2.75,2.45,2.6,7764940,0.0,1.0
757,2022-03-25T00:00:00.000Z,2.74,2.8,2.66,2.68,2871815,2.74,2.8,2.66,2.68,2871815,0.0,1.0
758,2022-03-28T00:00:00.000Z,2.73,2.76,2.6115,2.68,3401249,2.73,2.76,2.6115,2.68,3401249,0.0,1.0
759,2022-03-29T00:00:00.000Z,2.92,2.93,2.6916,2.73,5393279,2.92,2.93,2.6916,2.73,5393279,0.0,1.0
760,2022-03-30T00:00:00.000Z,2.8,3.03,2.79,2.86,3548304,2.8,3.03,2.79,2.86,3548304,0.0,1.0
761,2022-03-31T00:00:00.000Z,2.78,2.82,2.73,2.8,2156884,2.78,2.82,2.73,2.8,2156884,0.0,1.0
762,2022-04-01T00:00:00.000Z,2.6,2.74,2.57,2.74,3647775,2.6,2.74,2.57,2.74,3647775,0.0,1.0
763,2022-04-04T00:00:00.000Z,2.57,2.64,2.5,2.56,4272465,2.57,2.64,2.5,2.56,4272465,0.0,1.0
764,2022-04-05T00:00:00.000Z,2.42,2.61,2.42,2.54,3577017,2.42,2.61,2.42,2.54,3577017,0.0,1.0
765,2022-04-06T00:00:00.000Z,2.37,2.42,2.3,2.3601,3270468,2.37,2.42,2.3,2.3601,3270468,0.0,1.0
766,2022-04-07T00:00:00.000Z,2.26,2.42,2.22,2.32,3489774,2.26,2.42,2.22,2.32,3489774,0.0,1.0
767,2022-04-08T00:00:00.000Z,2.2,2.32,2.2,2.26,2332311,2.2,2.32,2.2,2.26,2332311,0.0,1.0
768,2022-04-11T00:00:00.000Z,2.2,2.2922,2.18,2.22,3544766,2.2,2.2922,2.18,2.22,3544766,0.0,1.0
769,2022-04-12T00:00:00.000Z,2.22,2.37,2.175,2.22,5928978,2.22,2.37,2.175,2.22,5928978,0.0,1.0
770,2022-04-13T00:00:00.000Z,2.24,2.31,2.19,2.23,3315230,2.24,2.31,2.19,2.23,3315230,0.0,1.0
771,2022-04-14T00:00:00.000Z,2.2,2.25,2.17,2.24,3057954,2.2,2.25,2.17,2.24,3057954,0.0,1.0
772,2022-04-18T00:00:00.000Z,2.11,2.19,2.05,2.18,2876107,2.11,2.19,2.05,2.18,2876107,0.0,1.0
773,2022-04-19T00:00:00.000Z,2.22,2.265,2.07,2.11,2713923,2.22,2.265,2.07,2.11,2713923,0.0,1.0
774,2022-04-20T00:00:00.000Z,2.12,2.22,2.08,2.22,2009997,2.12,2.22,2.08,2.22,2009997,0.0,1.0
775,2022-04-21T00:00:00.000Z,1.99,2.14,1.99,2.12,2887285,1.99,2.14,1.99,2.12,2887285,0.0,1.0
776,2022-04-22T00:00:00.000Z,2.04,2.105,1.97,2.0,2706368,2.04,2.105,1.97,2.0,2706368,0.0,1.0
777,2022-04-25T00:00:00.000Z,2.05,2.08,1.98,1.98,3572713,2.05,2.08,1.98,1.98,3572713,0.0,1.0
778,2022-04-26T00:00:00.000Z,2.07,2.13,1.99,2.0,4303193,2.07,2.13,1.99,2.0,4303193,0.0,1.0
779,2022-04-27T00:00:00.000Z,2.14,2.17,1.965,2.04,7898425,2.14,2.17,1.965,2.04,7898425,0.0,1.0
780,2022-04-28T00:00:00.000Z,2.08,2.15,1.99,2.14,4321450,2.08,2.15,1.99,2.14,4321450,0.0,1.0
781,2022-04-29T00:00:00.000Z,2.02,2.18,2.01,2.11,5182612,2.02,2.18,2.01,2.11,5182612,0.0,1.0
782,2022-05-02T00:00:00.000Z,2.03,2.07,1.96,1.99,3419510,2.03,2.07,1.96,1.99,3419510,0.0,1.0
783,2022-05-03T00:00:00.000Z,2.08,2.08,1.97,2.02,2408481,2.08,2.08,1.97,2.02,2408481,0.0,1.0
784,2022-05-04T00:00:00.000Z,2.08,2.1,1.98,2.04,2850024,2.08,2.1,1.98,2.04,2850024,0.0,1.0
785,2022-05-05T00:00:00.000Z,1.96,2.0391,1.94,2.02,2523490,1.96,2.0391,1.94,2.02,2523490,0.0,1.0
786,2022-05-06T00:00:00.000Z,1.9,1.95,1.81,1.94,2567214,1.9,1.95,1.81,1.94,2567214,0.0,1.0
787,2022-05-09T00:00:00.000Z,1.66,1.855,1.65,1.82,2393864,1.66,1.855,1.65,1.82,2393864,0.0,1.0
788,2022-05-10T00:00:00.000Z,1.59,1.69,1.52,1.69,2814262,1.59,1.69,1.52,1.69,2814262,0.0,1.0
789,2022-05-11T00:00:00.000Z,1.35,1.555,1.34,1.51,3027739,1.35,1.555,1.34,1.51,3027739,0.0,1.0
790,2022-05-12T00:00:00.000Z,1.495,1.5192,1.29,1.32,2870633,1.495,1.5192,1.29,1.32,2870633,0.0,1.0
791,2022-05-13T00:00:00.000Z,1.58,1.64,1.5,1.55,3497363,1.58,1.64,1.5,1.55,3497363,0.0,1.0
792,2022-05-16T00:00:00.000Z,1.43,1.57,1.42,1.56,3229140,1.43,1.57,1.42,1.56,3229140,0.0,1.0
793,2022-05-17T00:00:00.000Z,1.51,1.51,1.43,1.47,1840594,1.51,1.51,1.43,1.47,1840594,0.0,1.0
794,2022-05-18T00:00:00.000Z,1.43,1.54,1.41,1.46,1481859,1.43,1.54,1.41,1.46,1481859,0.0,1.0
795,2022-05-19T00:00:00.000Z,1.43,1.45,1.35,1.41,1801586,1.43,1.45,1.35,1.41,1801586,0.0,1.0
796,2022-05-20T00:00:00.000Z,1.44,1.46,1.34,1.46,1818014,1.44,1.46,1.34,1.46,1818014,0.0,1.0
797,2022-05-23T00:00:00.000Z,1.47,1.48,1.3637,1.4,1283293,1.47,1.48,1.3637,1.4,1283293,0.0,1.0
798,2022-05-24T00:00:00.000Z,1.38,1.4461,1.3608,1.44,1229861,1.38,1.4461,1.3608,1.44,1229861,0.0,1.0
799,2022-05-25T00:00:00.000Z,1.39,1.42,1.35,1.35,1028709,1.39,1.42,1.35,1.35,1028709,0.0,1.0
800,2022-05-26T00:00:00.000Z,1.4,1.44,1.38,1.38,1082593,1.4,1.44,1.38,1.38,1082593,0.0,1.0
801,2022-05-27T00:00:00.000Z,1.44,1.44,1.39,1.4,768638,1.44,1.44,1.39,1.4,768638,0.0,1.0
802,2022-05-31T00:00:00.000Z,1.45,1.52,1.42,1.45,1143523,1.45,1.52,1.42,1.45,1143523,0.0,1.0
803,2022-06-01T00:00:00.000Z,1.47,1.51,1.435,1.45,1673544,1.47,1.51,1.435,1.45,1673544,0.0,1.0
804,2022-06-02T00:00:00.000Z,1.49,1.51,1.38,1.46,1621218,1.49,1.51,1.38,1.46,1621218,0.0,1.0
805,2022-06-03T00:00:00.000Z,1.38,1.5094,1.37,1.45,1732265,1.38,1.5094,1.37,1.45,1732265,0.0,1.0
806,2022-06-06T00:00:00.000Z,1.37,1.4189,1.35,1.4,1589038,1.37,1.4189,1.35,1.4,1589038,0.0,1.0
807,2022-06-07T00:00:00.000Z,1.39,1.4,1.32,1.34,1154415,1.39,1.4,1.32,1.34,1154415,0.0,1.0
808,2022-06-08T00:00:00.000Z,1.4,1.47,1.37,1.37,1522174,1.4,1.47,1.37,1.37,1522174,0.0,1.0
809,2022-06-09T00:00:00.000Z,1.32,1.4,1.32,1.39,1334341,1.32,1.4,1.32,1.39,1334341,0.0,1.0
810,2022-06-10T00:00:00.000Z,1.27,1.33,1.21,1.32,1358917,1.27,1.33,1.21,1.32,1358917,0.0,1.0
811,2022-06-13T00:00:00.000Z,1.17,1.19,1.14,1.16,1311684,1.17,1.19,1.14,1.16,1311684,0.0,1.0
812,2022-06-14T00:00:00.000Z,1.13,1.2,1.12,1.16,1245339,1.13,1.2,1.12,1.16,1245339,0.0,1.0
813,2022-06-15T00:00:00.000Z,1.17,1.1799,1.11,1.12,1910325,1.17,1.1799,1.11,1.12,1910325,0.0,1.0
814,2022-06-16T00:00:00.000Z,1.1,1.1,1.03,1.03,1545982,1.1,1.1,1.03,1.03,1545982,0.0,1.0
815,2022-06-17T00:00:00.000Z,1.17,1.17,1.07,1.08,1321450,1.17,1.17,1.07,1.08,1321450,0.0,1.0
816,2022-06-21T00:00:00.000Z,1.21,1.225,1.15,1.15,1424280,1.21,1.225,1.15,1.15,1424280,0.0,1.0
817,2022-06-22T00:00:00.000Z,1.18,1.2,1.14,1.16,1401901,1.18,1.2,1.14,1.16,1401901,0.0,1.0
818,2022-06-23T00:00:00.000Z,1.21,1.25,1.15,1.15,971623,1.21,1.25,1.15,1.15,971623,0.0,1.0
819,2022-06-24T00:00:00.000Z,1.18,1.245,1.15,1.21,1354301,1.18,1.245,1.15,1.21,1354301,0.0,1.0
820,2022-06-27T00:00:00.000Z,1.16,1.18,1.14,1.18,718313,1.16,1.18,1.14,1.18,718313,0.0,1.0
821,2022-06-28T00:00:00.000Z,1.1,1.19,1.1,1.15,1268630,1.1,1.19,1.1,1.15,1268630,0.0,1.0
822,2022-06-29T00:00:00.000Z,1.07,1.1027,1.04,1.1,965166,1.07,1.1027,1.04,1.1,965166,0.0,1.0
823,2022-06-30T00:00:00.000Z,1.08,1.08,1.02,1.04,1498830,1.08,1.08,1.02,1.04,1498830,0.0,1.0
824,2022-07-01T00:00:00.000Z,1.05,1.0894,1.03,1.08,519895,1.05,1.0894,1.03,1.08,519895,0.0,1.0
825,2022-07-05T00:00:00.000Z,1.1,1.13,1.0273,1.05,1223960,1.1,1.13,1.0273,1.05,1223960,0.0,1.0
826,2022-07-06T00:00:00.000Z,1.07,1.1,1.06,1.09,418360,1.07,1.1,1.06,1.09,418360,0.0,1.0
827,2022-07-07T00:00:00.000Z,1.15,1.16,1.07,1.08,1214359,1.15,1.16,1.07,1.08,1214359,0.0,1.0
828,2022-07-08T00:00:00.000Z,1.22,1.29,1.11,1.14,5310062,1.22,1.29,1.11,1.14,5310062,0.0,1.0
829,2022-07-11T00:00:00.000Z,1.38,1.54,1.3,1.48,36588493,1.38,1.54,1.3,1.48,36588493,0.0,1.0
830,2022-07-12T00:00:00.000Z,1.39,1.42,1.27,1.27,7729520,1.39,1.42,1.27,1.27,7729520,0.0,1.0
831,2022-07-13T00:00:00.000Z,1.3,1.35,1.26,1.28,2430395,1.3,1.35,1.26,1.28,2430395,0.0,1.0
832,2022-07-14T00:00:00.000Z,1.28,1.325,1.21,1.27,3466631,1.28,1.325,1.21,1.27,3466631,0.0,1.0
833,2022-07-15T00:00:00.000Z,1.25,1.33,1.22,1.29,3073436,1.25,1.33,1.22,1.29,3073436,0.0,1.0
834,2022-07-18T00:00:00.000Z,1.36,1.38,1.24,1.25,2948042,1.36,1.38,1.24,1.25,2948042,0.0,1.0
835,2022-07-19T00:00:00.000Z,1.4,1.4,1.3407,1.35,1919809,1.4,1.4,1.3407,1.35,1919809,0.0,1.0
836,2022-07-20T00:00:00.000Z,1.41,1.43,1.365,1.38,1592526,1.41,1.43,1.365,1.38,1592526,0.0,1.0
837,2022-07-21T00:00:00.000Z,1.76,1.89,1.4,1.41,17335469,1.76,1.89,1.4,1.41,17335469,0.0,1.0
838,2022-07-22T00:00:00.000Z,1.57,1.7398,1.5,1.72,3959546,1.57,1.7398,1.5,1.72,3959546,0.0,1.0
839,2022-07-25T00:00:00.000Z,1.57,1.62,1.48,1.51,2002948,1.57,1.62,1.48,1.51,2002948,0.0,1.0
840,2022-07-26T00:00:00.000Z,1.43,1.525,1.4,1.52,1977872,1.43,1.525,1.4,1.52,1977872,0.0,1.0
841,2022-07-27T00:00:00.000Z,1.52,1.52,1.42,1.44,869849,1.52,1.52,1.42,1.44,869849,0.0,1.0
842,2022-07-28T00:00:00.000Z,1.47,1.5108,1.42,1.51,1412273,1.47,1.5108,1.42,1.51,1412273,0.0,1.0
843,2022-07-29T00:00:00.000Z,1.47,1.5,1.39,1.47,1602964,1.47,1.5,1.39,1.47,1602964,0.0,1.0
844,2022-08-01T00:00:00.000Z,1.43,1.4895,1.39,1.44,1159383,1.43,1.4895,1.39,1.44,1159383,0.0,1.0
845,2022-08-02T00:00:00.000Z,1.45,1.5,1.38,1.4,1984000,1.45,1.5,1.38,1.4,1984000,0.0,1.0
846,2022-08-03T00:00:00.000Z,1.5,1.5899,1.44,1.45,2806270,1.5,1.5899,1.44,1.45,2806270,0.0,1.0
847,2022-08-04T00:00:00.000Z,1.52,1.6,1.49,1.51,1741602,1.52,1.6,1.49,1.51,1741602,0.0,1.0
848,2022-08-05T00:00:00.000Z,1.63,1.64,1.515,1.53,1661301,1.63,1.64,1.515,1.53,1661301,0.0,1.0
849,2022-08-08T00:00:00.000Z,1.71,1.77,1.662,1.74,3340459,1.71,1.77,1.662,1.74,3340459,0.0,1.0
850,2022-08-09T00:00:00.000Z,1.7,1.71,1.6001,1.68,1747688,1.7,1.71,1.6001,1.68,1747688,0.0,1.0
851,2022-08-10T00:00:00.000Z,1.78,1.8,1.65,1.7,2202963,1.78,1.8,1.65,1.7,2202963,0.0,1.0
852,2022-08-11T00:00:00.000Z,1.74,1.81,1.7135,1.8,2428687,1.74,1.81,1.7135,1.8,2428687,0.0,1.0
853,2022-08-12T00:00:00.000Z,1.71,1.75,1.54,1.54,2197360,1.71,1.75,1.54,1.54,2197360,0.0,1.0
854,2022-08-15T00:00:00.000Z,1.66,1.74,1.64,1.66,1194117,1.66,1.74,1.64,1.66,1194117,0.0,1.0
855,2022-08-16T00:00:00.000Z,1.76,1.79,1.6109,1.66,3198106,1.76,1.79,1.6109,1.66,3198106,0.0,1.0
856,2022-08-17T00:00:00.000Z,1.62,1.74,1.62,1.7,2362997,1.62,1.74,1.62,1.7,2362997,0.0,1.0
857,2022-08-18T00:00:00.000Z,1.52,1.64,1.51,1.64,1662423,1.52,1.64,1.51,1.64,1662423,0.0,1.0
858,2022-08-19T00:00:00.000Z,1.38,1.5,1.37,1.49,1705672,1.38,1.5,1.37,1.49,1705672,0.0,1.0
859,2022-08-22T00:00:00.000Z,1.38,1.3994,1.33,1.35,1451689,1.38,1.3994,1.33,1.35,1451689,0.0,1.0
860,2022-08-23T00:00:00.000Z,1.37,1.44,1.36,1.37,804166,1.37,1.44,1.36,1.37,804166,0.0,1.0
861,2022-08-24T00:00:00.000Z,1.39,1.42,1.36,1.39,872982,1.39,1.42,1.36,1.39,872982,0.0,1.0
862,2022-08-25T00:00:00.000Z,1.37,1.405,1.35,1.39,675561,1.37,1.405,1.35,1.39,675561,0.0,1.0
863,2022-08-26T00:00:00.000Z,1.31,1.38,1.3,1.37,633755,1.31,1.38,1.3,1.37,633755,0.0,1.0
864,2022-08-29T00:00:00.000Z,1.35,1.388,1.29,1.31,1300719,1.35,1.388,1.29,1.31,1300719,0.0,1.0
865,2022-08-30T00:00:00.000Z,1.34,1.36,1.28,1.34,487157,1.34,1.36,1.28,1.34,487157,0.0,1.0
866,2022-08-31T00:00:00.000Z,1.33,1.37,1.29,1.32,832185,1.33,1.37,1.29,1.32,832185,0.0,1.0
867,2022-09-01T00:00:00.000Z,1.31,1.3201,1.2601,1.32,505004,1.31,1.3201,1.2601,1.32,505004,0.0,1.0
868,2022-09-02T00:00:00.000Z,1.33,1.35,1.2645,1.29,508463,1.33,1.35,1.2645,1.29,508463,0.0,1.0
869,2022-09-06T00:00:00.000Z,1.37,1.38,1.24,1.27,1843450,1.37,1.38,1.24,1.27,1843450,0.0,1.0
870,2022-09-07T00:00:00.000Z,1.33,1.38,1.31,1.35,774240,1.33,1.38,1.31,1.35,774240,0.0,1.0
871,2022-09-08T00:00:00.000Z,1.38,1.41,1.31,1.31,793687,1.38,1.41,1.31,1.31,793687,0.0,1.0
872,2022-09-09T00:00:00.000Z,1.4,1.44,1.38,1.41,697875,1.4,1.44,1.38,1.41,697875,0.0,1.0
873,2022-09-12T00:00:00.000Z,1.41,1.43,1.37,1.39,446918,1.41,1.43,1.37,1.39,446918,0.0,1.0
874,2022-09-13T00:00:00.000Z,1.63,1.7,1.4,1.42,7500914,1.63,1.7,1.4,1.42,7500914,0.0,1.0
875,2022-09-14T00:00:00.000Z,1.85,1.89,1.53,1.56,13135336,1.85,1.89,1.53,1.56,13135336,0.0,1.0
876,2022-09-15T00:00:00.000Z,1.77,1.96,1.64,1.91,4805114,1.77,1.96,1.64,1.91,4805114,0.0,1.0
877,2022-09-16T00:00:00.000Z,1.83,1.86,1.69,1.72,2779598,1.83,1.86,1.69,1.72,2779598,0.0,1.0
878,2022-09-19T00:00:00.000Z,1.8,1.84,1.73,1.83,1860605,1.8,1.84,1.73,1.83,1860605,0.0,1.0
879,2022-09-20T00:00:00.000Z,1.62,1.79,1.61,1.75,1749314,1.62,1.79,1.61,1.75,1749314,0.0,1.0
880,2022-09-21T00:00:00.000Z,1.29,1.54,1.25,1.53,6058771,1.29,1.54,1.25,1.53,6058771,0.0,1.0
881,2022-09-22T00:00:00.000Z,1.15,1.33,1.14,1.31,3667537,1.15,1.33,1.14,1.31,3667537,0.0,1.0
882,2022-09-23T00:00:00.000Z,1.19,1.23,1.12,1.18,2058821,1.19,1.23,1.12,1.18,2058821,0.0,1.0
883,2022-09-26T00:00:00.000Z,1.07,1.23,1.07,1.22,3285796,1.07,1.23,1.07,1.22,3285796,0.0,1.0
884,2022-09-27T00:00:00.000Z,1.19,1.28,1.1,1.11,3319091,1.19,1.28,1.1,1.11,3319091,0.0,1.0
885,2022-09-28T00:00:00.000Z,1.23,1.32,1.1804,1.19,1884488,1.23,1.32,1.1804,1.19,1884488,0.0,1.0
886,2022-09-29T00:00:00.000Z,1.18,1.275,1.15,1.24,1872983,1.18,1.275,1.15,1.24,1872983,0.0,1.0
887,2022-09-30T00:00:00.000Z,1.18,1.22,1.16,1.17,1011782,1.18,1.22,1.16,1.17,1011782,0.0,1.0
888,2022-10-03T00:00:00.000Z,1.17,1.22,1.13,1.19,1391121,1.17,1.22,1.13,1.19,1391121,0.0,1.0
889,2022-10-04T00:00:00.000Z,1.21,1.23,1.18,1.19,1262666,1.21,1.23,1.18,1.19,1262666,0.0,1.0
890,2022-10-05T00:00:00.000Z,1.22,1.23,1.14,1.21,1249435,1.22,1.23,1.14,1.21,1249435,0.0,1.0
891,2022-10-06T00:00:00.000Z,1.22,1.28,1.2,1.2,1044863,1.22,1.28,1.2,1.2,1044863,0.0,1.0
892,2022-10-07T00:00:00.000Z,1.15,1.2336,1.15,1.23,975705,1.15,1.2336,1.15,1.23,975705,0.0,1.0
893,2022-10-10T00:00:00.000Z,1.14,1.19,1.12,1.19,771736,1.14,1.19,1.12,1.19,771736,0.0,1.0
894,2022-10-11T00:00:00.000Z,1.14,1.17,1.1,1.12,703408,1.14,1.17,1.1,1.12,703408,0.0,1.0
895,2022-10-12T00:00:00.000Z,1.16,1.18,1.11,1.13,917264,1.16,1.18,1.11,1.13,917264,0.0,1.0
896,2022-10-13T00:00:00.000Z,1.17,1.36,1.13,1.15,8758545,1.17,1.36,1.13,1.15,8758545,0.0,1.0
897,2022-10-14T00:00:00.000Z,1.08,1.18,1.05,1.16,2598892,1.08,1.18,1.05,1.16,2598892,0.0,1.0
898,2022-10-17T00:00:00.000Z,1.1,1.1392,1.09,1.12,856890,1.1,1.1392,1.09,1.12,856890,0.0,1.0
899,2022-10-18T00:00:00.000Z,1.11,1.13,1.08,1.13,1486202,1.11,1.13,1.08,1.13,1486202,0.0,1.0
900,2022-10-19T00:00:00.000Z,1.07,1.11,1.07,1.1,660377,1.07,1.11,1.07,1.1,660377,0.0,1.0
901,2022-10-20T00:00:00.000Z,1.06,1.1,1.05,1.07,820052,1.06,1.1,1.05,1.07,820052,0.0,1.0
902,2022-10-21T00:00:00.000Z,1.09,1.11,1.04,1.05,936535,1.09,1.11,1.04,1.05,936535,0.0,1.0
903,2022-10-24T00:00:00.000Z,1.08,1.1,1.0,1.04,2698114,1.08,1.1,1.0,1.04,2698114,0.0,1.0
904,2022-10-25T00:00:00.000Z,1.06,1.09,1.02,1.03,1771527,1.06,1.09,1.02,1.03,1771527,0.0,1.0
905,2022-10-26T00:00:00.000Z,1.07,1.12,1.06,1.07,1647913,1.07,1.12,1.06,1.07,1647913,0.0,1.0
906,2022-10-27T00:00:00.000Z,1.12,1.12,1.07,1.11,1073010,1.12,1.12,1.07,1.11,1073010,0.0,1.0
907,2022-10-28T00:00:00.000Z,1.16,1.16,1.0844,1.12,1310346,1.16,1.16,1.0844,1.12,1310346,0.0,1.0
908,2022-10-31T00:00:00.000Z,1.17,1.24,1.16,1.17,1484562,1.17,1.24,1.16,1.17,1484562,0.0,1.0
909,2022-11-01T00:00:00.000Z,1.18,1.21,1.16,1.17,880352,1.18,1.21,1.16,1.17,880352,0.0,1.0
910,2022-11-02T00:00:00.000Z,1.15,1.1984,1.13,1.19,1328320,1.15,1.1984,1.13,1.19,1328320,0.0,1.0
911,2022-11-03T00:00:00.000Z,1.2,1.2,1.13,1.14,982251,1.2,1.2,1.13,1.14,982251,0.0,1.0
912,2022-11-04T00:00:00.000Z,1.2,1.25,1.16,1.21,1590761,1.2,1.25,1.16,1.21,1590761,0.0,1.0
913,2022-11-07T00:00:00.000Z,1.66,1.68,1.27,1.38,50327864,1.66,1.68,1.27,1.38,50327864,0.0,1.0
914,2022-11-08T00:00:00.000Z,1.52,1.64,1.43,1.455,29082761,1.52,1.64,1.43,1.455,29082761,0.0,1.0
915,2022-11-09T00:00:00.000Z,1.22,1.35,1.2,1.32,12890510,1.22,1.35,1.2,1.32,12890510,0.0,1.0
916,2022-11-10T00:00:00.000Z,1.28,1.3,1.16,1.19,5851525,1.28,1.3,1.16,1.19,5851525,0.0,1.0
917,2022-11-11T00:00:00.000Z,1.4,1.415,1.21,1.22,5722925,1.4,1.415,1.21,1.22,5722925,0.0,1.0
918,2022-11-14T00:00:00.000Z,1.48,1.64,1.39,1.41,16253060,1.48,1.64,1.39,1.41,16253060,0.0,1.0
919,2022-11-15T00:00:00.000Z,1.41,1.56,1.35,1.51,9683861,1.41,1.56,1.35,1.51,9683861,0.0,1.0
920,2022-11-16T00:00:00.000Z,1.27,1.47,1.25,1.47,16212199,1.27,1.47,1.25,1.47,16212199,0.0,1.0
921,2022-11-17T00:00:00.000Z,1.2,1.27,1.2,1.21,3366147,1.2,1.27,1.2,1.21,3366147,0.0,1.0
922,2022-11-18T00:00:00.000Z,1.14,1.21,1.12,1.21,6681493,1.14,1.21,1.12,1.21,6681493,0.0,1.0
923,2022-11-21T00:00:00.000Z,1.1,1.1465,1.07,1.14,3526791,1.1,1.1465,1.07,1.14,3526791,0.0,1.0
924,2022-11-22T00:00:00.000Z,1.09,1.16,1.07,1.12,3977169,1.09,1.16,1.07,1.12,3977169,0.0,1.0
925,2022-11-23T00:00:00.000Z,1.1,1.12,1.07,1.07,1672248,1.1,1.12,1.07,1.07,1672248,0.0,1.0
926,2022-11-25T00:00:00.000Z,1.11,1.13,1.07,1.09,1850764,1.11,1.13,1.07,1.09,1850764,0.0,1.0
927,2022-11-28T00:00:00.000Z,1.09,1.1101,1.07,1.09,1482965,1.09,1.1101,1.07,1.09,1482965,0.0,1.0
928,2022-11-29T00:00:00.000Z,1.05,1.09,1.04,1.09,1913113,1.05,1.09,1.04,1.09,1913113,0.0,1.0
929,2022-11-30T00:00:00.000Z,1.07,1.09,1.03,1.03,1973516,1.07,1.09,1.03,1.03,1973516,0.0,1.0
930,2022-12-01T00:00:00.000Z,1.11,1.12,1.052,1.06,1930213,1.11,1.12,1.052,1.06,1930213,0.0,1.0
931,2022-12-02T00:00:00.000Z,1.08,1.1,1.07,1.08,1318116,1.08,1.1,1.07,1.08,1318116,0.0,1.0
932,2022-12-05T00:00:00.000Z,1.06,1.1,1.0501,1.06,1036489,1.06,1.1,1.0501,1.06,1036489,0.0,1.0
933,2022-12-06T00:00:00.000Z,1.02,1.06,1.01,1.05,2524362,1.02,1.06,1.01,1.05,2524362,0.0,1.0
934,2022-12-07T00:00:00.000Z,0.9769,1.01,0.95,1.01,2268629,0.9769,1.01,0.95,1.01,2268629,0.0,1.0
935,2022-12-08T00:00:00.000Z,0.954,0.9999,0.95,0.9769,1851947,0.954,0.9999,0.95,0.9769,1851947,0.0,1.0
936,2022-12-09T00:00:00.000Z,0.91,0.9694,0.9065,0.9694,1911945,0.91,0.9694,0.9065,0.9694,1911945,0.0,1.0
937,2022-12-12T00:00:00.000Z,0.9042,0.94,0.9,0.9092,1051283,0.9042,0.94,0.9,0.9092,1051283,0.0,1.0
938,2022-12-13T00:00:00.000Z,0.9229,0.9849,0.9151,0.93,1031482,0.9229,0.9849,0.9151,0.93,1031482,0.0,1.0
939,2022-12-14T00:00:00.000Z,0.9482,1.01,0.91,0.9168,3289381,0.9482,1.01,0.91,0.9168,3289381,0.0,1.0
940,2022-12-15T00:00:00.000Z,0.9399,0.9594,0.9118,0.9302,1046157,0.9399,0.9594,0.9118,0.9302,1046157,0.0,1.0
941,2022-12-16T00:00:00.000Z,0.9181,0.9555,0.9105,0.9262,853437,0.9181,0.9555,0.9105,0.9262,853437,0.0,1.0
942,2022-12-19T00:00:00.000Z,0.83,0.93,0.8201,0.92,1618785,0.83,0.93,0.8201,0.92,1618785,0.0,1.0
943,2022-12-20T00:00:00.000Z,0.8098,0.859899,0.7901,0.8245,1172722,0.8098,0.859899,0.7901,0.8245,1172722,0.0,1.0
944,2022-12-21T00:00:00.000Z,0.7923,0.8801,0.768,0.768,2044467,0.7923,0.8801,0.768,0.768,2044467,0.0,1.0
945,2022-12-22T00:00:00.000Z,0.7752,0.8068,0.75,0.8068,1277204,0.7752,0.8068,0.75,0.8068,1277204,0.0,1.0
946,2022-12-23T00:00:00.000Z,0.7813,0.7979,0.77,0.77,440591,0.7813,0.7979,0.77,0.77,440591,0.0,1.0
947,2022-12-27T00:00:00.000Z,0.7815,0.81,0.771101,0.78,915402,0.7815,0.81,0.771101,0.78,915402,0.0,1.0
948,2022-12-28T00:00:00.000Z,0.7615,0.809,0.75,0.777,1003271,0.7615,0.809,0.75,0.777,1003271,0.0,1.0
949,2022-12-29T00:00:00.000Z,0.7853,0.79,0.76,0.7765,880170,0.7853,0.79,0.76,0.7765,880170,0.0,1.0
950,2022-12-30T00:00:00.000Z,0.7733,0.791,0.751,0.751,908353,0.7733,0.791,0.751,0.751,908353,0.0,1.0
951,2023-01-03T00:00:00.000Z,0.8098,0.8419,0.7581,0.7613,696408,0.8098,0.8419,0.7581,0.7613,696408,0.0,1.0
952,2023-01-04T00:00:00.000Z,0.8692,0.88,0.801889,0.8097,811465,0.8692,0.88,0.801889,0.8097,811465,0.0,1.0
953,2023-01-05T00:00:00.000Z,0.9287,1.09,0.8301,0.8538,4523681,0.9287,1.09,0.8301,0.8538,4523681,0.0,1.0
954,2023-01-06T00:00:00.000Z,0.9296,0.9499,0.88,0.9287,1767475,0.9296,0.9499,0.88,0.9287,1767475,0.0,1.0
955,2023-01-09T00:00:00.000Z,0.9316,0.9576,0.9035,0.9319,783405,0.9316,0.9576,0.9035,0.9319,783405,0.0,1.0
956,2023-01-10T00:00:00.000Z,0.9762,0.98,0.9243,0.9249,798589,0.9762,0.98,0.9243,0.9249,798589,0.0,1.0
957,2023-01-11T00:00:00.000Z,0.9998,1.03,0.96,0.99,1268685,0.9998,1.03,0.96,0.99,1268685,0.0,1.0
958,2023-01-12T00:00:00.000Z,1.03,1.05,0.9927,0.9964,783301,1.03,1.05,0.9927,0.9964,783301,0.0,1.0
959,2023-01-13T00:00:00.000Z,1.06,1.07,1.02,1.03,1228367,1.06,1.07,1.02,1.03,1228367,0.0,1.0
960,2023-01-17T00:00:00.000Z,1.02,1.08,0.9739,1.08,1590629,1.02,1.08,0.9739,1.08,1590629,0.0,1.0
961,2023-01-18T00:00:00.000Z,0.993,1.05,0.971,1.03,1020750,0.993,1.05,0.971,1.03,1020750,0.0,1.0
962,2023-01-19T00:00:00.000Z,0.982,1.02,0.98,0.98,406197,0.982,1.02,0.98,0.98,406197,0.0,1.0
963,2023-01-20T00:00:00.000Z,1.04,1.04,0.9801,0.982,563120,1.04,1.04,0.9801,0.982,563120,0.0,1.0
964,2023-01-23T00:00:00.000Z,1.04,1.06,1.015,1.04,738211,1.04,1.06,1.015,1.04,738211,0.0,1.0
965,2023-01-24T00:00:00.000Z,1.01,1.0493,1.0,1.04,481624,1.01,1.0493,1.0,1.04,481624,0.0,1.0
966,2023-01-25T00:00:00.000Z,1.04,1.05,0.9801,1.01,1401213,1.04,1.05,0.9801,1.01,1401213,0.0,1.0
967,2023-01-26T00:00:00.000Z,1.04,1.07,1.02,1.05,1214444,1.04,1.07,1.02,1.05,1214444,0.0,1.0
968,2023-01-27T00:00:00.000Z,1.06,1.09,1.01,1.02,876839,1.06,1.09,1.01,1.02,876839,0.0,1.0
969,2023-01-30T00:00:00.000Z,1.06,1.07,1.03,1.0401,901791,1.06,1.07,1.03,1.0401,901791,0.0,1.0
970,2023-01-31T00:00:00.000Z,1.08,1.09,1.03,1.03,1240420,1.08,1.09,1.03,1.03,1240420,0.0,1.0
971,2023-02-01T00:00:00.000Z,1.05,1.08,1.04,1.08,1673698,1.05,1.08,1.04,1.08,1673698,0.0,1.0
972,2023-02-02T00:00:00.000Z,1.11,1.15,1.06,1.06,2087207,1.11,1.15,1.06,1.06,2087207,0.0,1.0
973,2023-02-03T00:00:00.000Z,1.07,1.15,1.07,1.1,986811,1.07,1.15,1.07,1.1,986811,0.0,1.0
974,2023-02-06T00:00:00.000Z,1.09,1.13,1.07,1.07,644953,1.09,1.13,1.07,1.07,644953,0.0,1.0
975,2023-02-07T00:00:00.000Z,1.12,1.12,1.09,1.1,693078,1.12,1.12,1.09,1.1,693078,0.0,1.0
976,2023-02-08T00:00:00.000Z,1.07,1.12,1.07,1.1,491765,1.07,1.12,1.07,1.1,491765,0.0,1.0
977,2023-02-09T00:00:00.000Z,1.01,1.0995,1.01,1.09,710912,1.01,1.0995,1.01,1.09,710912,0.0,1.0
978,2023-02-10T00:00:00.000Z,1.0,1.02,0.9603,1.0,1334892,1.0,1.02,0.9603,1.0,1334892,0.0,1.0
979,2023-02-13T00:00:00.000Z,1.01,1.11,0.99,0.9907,792257,1.01,1.11,0.99,0.9907,792257,0.0,1.0
980,2023-02-14T00:00:00.000Z,1.04,1.05,1.01,1.01,553149,1.04,1.05,1.01,1.01,553149,0.0,1.0
981,2023-02-15T00:00:00.000Z,1.05,1.05,1.01,1.03,610304,1.05,1.05,1.01,1.03,610304,0.0,1.0
982,2023-02-16T00:00:00.000Z,1.04,1.06,1.0,1.04,1121173,1.04,1.06,1.0,1.04,1121173,0.0,1.0
983,2023-02-17T00:00:00.000Z,1.0,1.02,0.9901,1.02,560598,1.0,1.02,0.9901,1.02,560598,0.0,1.0
984,2023-02-21T00:00:00.000Z,0.9504,1.0,0.945,0.99,647413,0.9504,1.0,0.945,0.99,647413,0.0,1.0
985,2023-02-22T00:00:00.000Z,0.9649,0.99,0.953101,0.97,346364,0.9649,0.99,0.953101,0.97,346364,0.0,1.0
986,2023-02-23T00:00:00.000Z,0.9512,0.9799,0.9213,0.96,821512,0.9512,0.9799,0.9213,0.96,821512,0.0,1.0
987,2023-02-24T00:00:00.000Z,0.907,0.9499,0.9001,0.93,1036345,0.907,0.9499,0.9001,0.93,1036345,0.0,1.0
988,2023-02-27T00:00:00.000Z,0.9655,0.98,0.909,0.909,565446,0.9655,0.98,0.909,0.909,565446,0.0,1.0
989,2023-02-28T00:00:00.000Z,1.01,1.02,0.94,0.94,721773,1.01,1.02,0.94,0.94,721773,0.0,1.0
990,2023-03-01T00:00:00.000Z,0.9756,1.02,0.961,0.98,933999,0.9756,1.02,0.961,0.98,933999,0.0,1.0
991,2023-03-02T00:00:00.000Z,0.9338,0.9736,0.92,0.972,522273,0.9338,0.9736,0.92,0.972,522273,0.0,1.0
992,2023-03-03T00:00:00.000Z,0.9437,0.97,0.935,0.95,679472,0.9437,0.97,0.935,0.95,679472,0.0,1.0
993,2023-03-06T00:00:00.000Z,0.93,0.96,0.915,0.94,604652,0.93,0.96,0.915,0.94,604652,0.0,1.0
994,2023-03-07T00:00:00.000Z,0.8913,0.9499,0.8701,0.9493,854133,0.8913,0.9499,0.8701,0.9493,854133,0.0,1.0
995,2023-03-08T00:00:00.000Z,0.865,0.905,0.865,0.89,554794,0.865,0.905,0.865,0.89,554794,0.0,1.0
996,2023-03-09T00:00:00.000Z,0.8217,0.88,0.81,0.8585,769804,0.8217,0.88,0.81,0.8585,769804,0.0,1.0
997,2023-03-10T00:00:00.000Z,0.76,0.8479,0.7502,0.802,1454511,0.76,0.8479,0.7502,0.802,1454511,0.0,1.0
