id	tiekunta_id	vuosi	avustus
1	3	2002	120
2	3	2003	80
3	3	2004	80
4	3	2005	80
5	3	2006	40
6	3	2007	30
7	3	2008	30
8	5	2002	670
9	5	2003	570
10	5	2004	740
11	5	2005	740
12	5	2006	550
13	5	2007	560
14	5	2008	610
15	5	2009	590
16	5	2010	510
17	5	2011	510
18	5	2012	510
19	5	2013	510
20	5	2014	710
21	5	2015	820
22	5	2016	850
23	5	2017	1010
24	5	2018	1010
25	6	2002	250
26	6	2003	200
27	6	2004	260
28	6	2005	260
29	6	2006	200
30	6	2007	160
31	6	2008	170
32	6	2009	170
33	6	2010	140
34	6	2011	140
35	6	2012	140
36	6	2013	140
37	6	2014	200
38	6	2015	230
39	6	2016	240
40	6	2017	300
41	6	2018	300
42	7	2002	120
43	7	2003	100
44	7	2004	130
45	7	2005	100
46	7	2006	70
47	7	2007	80
48	7	2008	100
49	7	2009	150
50	7	2010	110
51	7	2011	110
52	7	2012	110
53	7	2013	110
54	7	2014	160
55	7	2015	180
56	7	2016	190
57	7	2017	240
58	7	2018	240
59	8	2002	120
60	8	2003	100
61	8	2004	130
62	8	2005	160
63	8	2006	130
64	8	2007	50
65	8	2008	70
66	8	2009	80
67	8	2010	70
68	8	2011	80
69	8	2012	80
70	8	2013	80
71	8	2014	120
72	8	2015	140
73	8	2016	180
74	8	2017	230
75	8	2018	230
76	9	2002	200
77	9	2003	140
78	9	2004	180
79	9	2005	180
80	9	2006	80
81	9	2007	100
82	9	2008	110
83	9	2009	100
84	9	2010	80
85	9	2011	90
86	9	2012	90
87	9	2013	90
88	9	2014	130
89	9	2015	150
90	9	2016	150
91	9	2017	190
92	9	2018	190
93	11	2002	170
94	11	2003	120
95	11	2004	160
96	11	2005	160
97	11	2006	120
98	11	2007	140
99	11	2008	150
100	11	2009	170
101	11	2010	140
102	11	2011	140
103	11	2012	140
104	11	2013	140
105	11	2014	510
106	11	2015	590
107	11	2016	610
108	11	2017	740
109	11	2018	650
110	12	2005	260
111	12	2006	160
112	12	2007	190
113	12	2008	190
114	12	2009	220
115	12	2010	170
116	12	2011	170
117	12	2012	170
118	12	2013	170
119	12	2014	240
120	12	2015	280
121	12	2016	290
122	12	2017	360
123	12	2018	360
124	13	2002	240
125	13	2003	230
126	13	2004	300
127	13	2005	300
128	13	2006	220
129	13	2007	260
130	13	2008	270
131	15	2002	130
132	15	2003	120
133	15	2004	160
134	15	2013	190
135	16	2002	370
136	16	2003	260
137	16	2004	340
138	16	2005	260
139	16	2006	150
140	16	2007	160
141	16	2008	160
142	16	2009	130
143	16	2010	110
144	16	2011	130
145	16	2012	130
146	16	2014	170
147	16	2015	200
148	16	2016	210
149	16	2017	260
150	16	2018	260
151	17	2002	440
152	17	2003	360
153	17	2004	470
154	17	2005	470
155	17	2006	370
156	17	2007	440
157	17	2009	450
158	17	2010	390
159	17	2011	390
160	17	2012	390
161	17	2013	390
162	17	2014	490
163	17	2015	560
164	17	2016	580
165	17	2017	580
166	18	2002	200
167	18	2003	140
168	18	2004	180
169	18	2005	180
170	18	2006	130
171	18	2007	160
172	18	2008	170
173	18	2009	170
174	18	2010	140
175	18	2011	160
176	18	2012	160
177	18	2013	160
178	18	2014	230
179	18	2015	260
180	18	2016	270
181	18	2018	160
182	19	2002	1610
183	19	2003	1420
184	19	2004	1850
185	19	2005	1850
186	19	2006	1400
187	19	2007	1480
188	19	2008	1490
189	19	2009	1520
190	19	2010	1380
191	19	2011	1380
192	19	2012	1380
193	19	2013	1380
194	19	2014	1900
195	19	2015	2170
196	19	2016	2340
197	19	2017	2340
198	19	2018	2000
199	23	2002	520
200	23	2003	470
201	23	2004	610
202	23	2005	610
203	23	2006	370
204	23	2007	400
205	23	2008	410
206	23	2009	420
207	23	2010	360
208	23	2011	360
209	23	2012	360
210	23	2013	360
211	23	2014	510
212	23	2015	590
213	23	2016	610
214	23	2017	740
215	23	2018	740
216	24	2002	30
217	24	2003	30
218	24	2004	30
219	25	2002	540
220	25	2003	510
221	25	2004	660
222	25	2005	660
223	25	2006	500
224	25	2007	500
225	25	2008	510
226	25	2009	510
227	25	2010	440
228	25	2011	440
229	25	2012	440
230	25	2013	440
231	25	2014	610
232	25	2015	700
233	25	2016	620
234	25	2017	750
235	25	2018	750
236	34	2002	70
237	34	2003	50
238	34	2004	70
239	34	2005	70
240	34	2006	40
241	34	2007	50
242	34	2008	50
243	34	2010	50
244	34	2011	50
245	34	2012	50
246	34	2013	50
247	34	2014	80
248	34	2015	90
249	34	2016	90
250	34	2017	120
251	34	2018	120
252	35	2002	620
253	35	2003	500
254	35	2004	650
255	35	2005	650
256	35	2006	400
257	35	2007	430
258	35	2008	430
259	35	2009	430
260	35	2010	370
261	35	2011	370
262	35	2013	370
263	35	2014	520
264	35	2015	600
265	35	2016	620
266	36	2002	500
267	36	2003	410
268	36	2004	530
269	36	2005	530
270	36	2006	370
271	36	2007	440
272	36	2008	470
273	36	2009	450
274	36	2010	390
275	36	2011	390
276	36	2012	390
277	36	2013	390
278	36	2014	550
279	36	2015	630
280	36	2016	650
281	36	2017	790
282	36	2018	530
283	39	2002	470
284	39	2003	330
285	39	2004	430
286	39	2005	430
287	39	2006	290
288	39	2007	350
289	39	2008	360
290	39	2009	360
291	39	2010	310
292	39	2011	310
293	39	2012	310
294	39	2013	310
295	39	2014	440
296	39	2015	510
297	39	2016	530
298	39	2017	650
299	39	2018	420
300	40	2010	170
301	40	2011	170
302	40	2012	170
303	40	2013	170
304	40	2014	240
305	40	2015	280
306	40	2016	260
307	40	2017	320
308	40	2018	320
309	44	2002	710
310	44	2003	580
311	44	2004	750
312	44	2005	750
313	44	2006	590
314	44	2007	610
315	44	2008	640
316	44	2009	640
317	44	2010	570
318	44	2011	570
319	44	2012	570
320	44	2013	570
321	44	2014	800
322	44	2015	910
323	44	2016	940
324	44	2017	1120
325	44	2018	1020
326	46	2002	50
327	46	2003	40
328	46	2004	100
329	46	2005	50
330	46	2006	40
331	46	2007	50
332	46	2009	70
333	46	2010	60
334	46	2011	60
335	47	2002	440
336	47	2003	310
337	47	2004	400
338	47	2005	400
339	47	2006	310
340	47	2007	370
341	47	2008	380
342	47	2009	380
343	47	2010	330
344	47	2011	330
345	47	2012	330
346	47	2013	380
347	47	2014	530
348	47	2015	600
349	47	2016	620
350	47	2017	760
351	47	2018	370
352	48	2002	400
353	48	2003	280
354	48	2004	360
355	48	2005	360
356	48	2006	250
357	48	2007	300
358	48	2009	300
359	48	2010	260
360	48	2011	260
361	48	2012	260
362	48	2013	260
363	48	2014	370
364	48	2015	430
365	48	2016	450
366	48	2017	550
367	48	2018	550
368	50	2002	440
369	50	2003	310
370	50	2004	400
371	50	2005	400
372	50	2006	240
373	50	2007	290
374	50	2008	300
375	50	2009	300
376	50	2010	260
377	50	2011	260
378	50	2012	260
379	50	2013	260
380	50	2014	370
381	50	2015	430
382	50	2016	450
383	50	2017	550
384	50	2018	550
385	51	2002	640
386	51	2003	520
387	51	2004	680
388	51	2005	680
389	51	2006	470
390	51	2007	500
391	51	2008	510
392	51	2009	510
393	51	2010	440
394	51	2011	440
395	51	2012	440
396	51	2013	440
397	51	2014	610
398	51	2015	700
399	51	2016	720
400	51	2017	880
401	51	2018	880
402	52	2002	50
403	52	2003	40
404	52	2004	50
405	52	2005	50
406	52	2006	40
407	52	2007	50
408	52	2008	70
409	52	2009	60
410	52	2010	50
411	52	2011	50
412	52	2012	50
413	52	2013	50
414	52	2014	80
415	52	2015	90
416	52	2016	90
417	52	2017	120
418	52	2018	120
419	53	2002	440
420	53	2003	310
421	53	2004	400
422	53	2005	400
423	53	2006	310
424	53	2007	370
425	53	2008	400
426	53	2009	450
427	53	2010	390
428	53	2011	390
429	53	2012	390
430	53	2013	390
431	53	2014	550
432	53	2015	630
433	53	2016	650
434	53	2017	790
435	53	2018	790
436	56	2002	1850
437	56	2003	1510
438	56	2004	1960
439	56	2005	1960
440	56	2006	1560
441	56	2007	1600
442	56	2008	1610
443	56	2009	1610
444	56	2010	1450
445	56	2011	1450
446	56	2012	1450
447	56	2013	1450
448	56	2014	2000
449	56	2015	2290
450	56	2016	720
451	56	2017	1000
452	56	2018	900
453	57	2002	70
454	57	2003	50
455	57	2004	70
456	57	2005	70
457	57	2006	40
458	57	2007	50
459	57	2008	60
460	57	2009	80
461	57	2010	60
462	57	2012	70
463	57	2013	70
464	57	2014	110
465	57	2015	130
466	57	2016	130
467	57	2017	170
468	57	2018	170
469	59	2002	520
470	59	2003	400
471	59	2004	450
472	59	2005	450
473	59	2006	340
474	59	2007	300
475	59	2008	310
476	59	2009	310
477	59	2010	270
478	59	2011	270
479	59	2012	270
480	59	2013	270
481	59	2014	380
482	59	2015	380
483	59	2016	390
484	59	2017	470
485	59	2018	470
486	61	2002	220
487	61	2003	150
488	61	2004	150
489	61	2005	150
490	61	2006	110
491	61	2007	130
492	61	2008	140
493	61	2009	180
494	61	2010	150
495	61	2011	150
496	61	2012	150
497	61	2013	150
498	61	2014	220
499	61	2015	250
500	61	2016	260
501	61	2017	320
502	61	2018	320
503	62	2002	450
504	62	2003	400
505	62	2004	520
506	62	2005	520
507	62	2006	320
508	62	2007	230
509	62	2008	230
510	63	2002	670
511	63	2003	530
512	63	2004	690
513	63	2005	740
514	63	2006	430
515	63	2007	330
516	63	2009	300
517	63	2010	260
518	63	2011	260
519	63	2012	260
520	63	2013	260
521	63	2014	370
522	63	2015	370
523	63	2016	380
524	63	2017	460
525	63	2018	460
526	64	2006	130
527	64	2007	160
528	64	2008	190
529	64	2009	230
530	64	2010	200
531	64	2011	200
532	64	2012	200
533	64	2013	200
534	66	2002	930
535	66	2003	700
536	66	2004	910
537	66	2005	910
538	66	2006	590
539	66	2007	610
540	66	2008	620
541	66	2009	610
542	66	2010	520
543	66	2011	520
544	66	2012	520
545	66	2013	520
546	66	2014	730
547	66	2015	840
548	66	2016	870
549	66	2017	1030
550	66	2018	1030
551	68	2002	120
552	68	2003	90
553	68	2004	120
554	68	2005	70
555	68	2006	50
556	68	2007	60
557	68	2008	70
558	68	2009	70
559	68	2010	70
560	68	2011	70
561	68	2012	70
562	68	2013	70
563	68	2014	110
564	68	2015	130
565	68	2016	130
566	68	2017	170
567	69	2017	220
568	69	2018	340
569	73	2002	660
570	73	2003	520
571	73	2004	680
572	73	2005	680
573	73	2006	370
574	73	2007	360
575	73	2008	370
576	73	2009	390
577	73	2010	340
578	73	2011	340
579	73	2012	340
580	73	2013	340
581	73	2014	510
582	73	2015	590
583	73	2016	610
584	73	2017	740
585	73	2018	740
586	75	2006	100
587	75	2007	120
588	75	2009	150
589	75	2011	150
590	75	2012	150
591	77	2002	610
592	77	2003	510
593	77	2004	660
594	77	2005	660
595	77	2006	520
596	77	2007	620
597	77	2008	650
598	77	2009	650
599	77	2010	560
600	77	2011	560
601	77	2012	560
602	77	2013	560
603	78	2002	400
604	78	2003	330
605	78	2004	430
606	78	2005	450
607	78	2006	290
608	78	2007	350
609	78	2008	370
610	78	2009	470
611	78	2010	410
612	78	2011	410
613	78	2012	410
614	78	2013	410
615	78	2014	580
616	78	2015	670
617	78	2016	580
618	78	2017	710
619	78	2018	710
620	80	2002	1010
621	80	2003	890
622	80	2004	1160
623	80	2005	1160
624	80	2006	900
625	80	2007	810
626	80	2008	810
627	80	2009	830
628	80	2010	740
629	80	2011	740
630	80	2012	740
631	80	2013	500
632	80	2014	700
633	80	2015	800
634	80	2016	830
635	80	2017	1000
636	80	2018	1000
637	83	2002	440
638	83	2003	390
639	83	2004	510
640	83	2005	510
641	83	2006	400
642	83	2007	480
643	83	2008	500
644	83	2009	570
645	83	2010	490
646	83	2011	490
647	83	2012	490
648	83	2013	490
649	83	2014	680
650	83	2015	780
651	83	2016	810
652	83	2017	990
653	83	2018	990
654	85	2003	50
655	85	2004	50
656	85	2005	50
657	85	2006	40
658	85	2007	50
659	85	2008	60
660	85	2009	80
661	85	2010	70
662	85	2011	70
663	85	2012	70
664	85	2013	70
665	85	2014	120
666	85	2015	140
667	85	2016	110
668	85	2017	140
669	85	2018	140
670	86	2002	240
671	86	2003	220
672	86	2004	290
673	86	2005	290
674	86	2006	220
675	86	2007	260
676	86	2008	280
677	86	2009	280
678	86	2010	240
679	86	2011	240
680	86	2012	240
681	86	2013	240
682	86	2014	340
683	86	2015	390
684	86	2016	400
685	86	2017	490
686	86	2018	570
687	89	2005	200
688	89	2006	150
689	89	2007	180
690	89	2008	190
691	89	2010	150
692	89	2011	150
693	89	2012	150
694	89	2013	150
695	89	2014	220
696	89	2015	250
697	89	2016	230
698	89	2017	290
699	89	2018	290
700	90	2002	120
701	90	2003	80
702	90	2004	100
703	90	2005	80
704	90	2006	60
705	90	2007	70
706	90	2008	80
707	90	2009	110
708	90	2010	90
709	90	2011	90
710	90	2012	90
711	90	2013	90
712	91	2002	720
713	91	2003	580
714	91	2004	750
715	91	2005	750
716	91	2006	590
717	91	2007	600
718	91	2008	610
719	91	2009	600
720	91	2010	520
721	91	2011	520
722	91	2012	520
723	91	2013	520
724	91	2014	720
725	91	2015	830
726	91	2016	860
727	91	2018	440
728	93	2002	400
729	93	2003	330
730	93	2004	430
731	93	2005	430
732	93	2006	350
733	93	2007	420
734	93	2008	470
735	93	2009	530
736	93	2010	460
737	93	2011	460
738	93	2012	460
739	93	2013	460
740	93	2014	600
741	93	2015	690
742	93	2016	610
743	93	2017	610
744	93	2018	390
745	95	2002	370
746	95	2003	320
747	95	2004	420
748	95	2005	350
749	95	2006	270
750	95	2007	320
751	95	2008	350
752	95	2009	380
753	95	2010	330
754	95	2011	330
755	95	2012	330
756	95	2013	330
757	95	2014	470
758	95	2015	540
759	95	2016	560
760	95	2017	680
761	95	2018	680
762	97	2010	180
763	97	2011	180
764	97	2015	290
765	97	2016	300
766	97	2017	370
767	97	2018	370
768	98	2002	150
769	98	2003	110
770	98	2004	140
771	98	2005	140
772	98	2006	100
773	98	2007	120
774	98	2008	130
775	98	2009	150
776	98	2010	110
777	101	2002	30
778	101	2003	30
779	101	2004	50
780	101	2005	50
781	101	2006	40
782	101	2007	40
783	101	2008	50
784	101	2009	50
785	101	2010	50
786	101	2011	50
787	101	2012	50
788	101	2013	50
789	101	2014	80
790	101	2015	90
791	101	2016	90
792	101	2017	120
793	101	2018	120
794	103	2002	420
795	103	2003	400
796	103	2004	520
797	103	2005	520
798	103	2006	400
799	103	2007	320
800	103	2008	330
801	103	2009	330
802	103	2010	280
803	103	2011	280
804	103	2013	280
805	103	2014	390
806	103	2015	450
807	103	2016	670
808	103	2017	820
809	103	2018	820
810	104	2002	1180
811	104	2003	1100
812	104	2004	1270
813	104	2005	1370
814	104	2006	1000
815	104	2007	830
816	104	2008	930
817	104	2009	930
818	104	2010	800
819	104	2011	800
820	104	2012	800
821	104	2013	800
822	104	2014	1100
823	104	2015	1250
824	104	2016	1290
825	104	2017	1550
826	104	2018	1350
827	107	2002	220
828	107	2003	200
829	107	2004	260
830	107	2005	160
831	107	2006	90
832	107	2007	110
833	107	2008	120
834	107	2009	150
835	107	2010	120
836	107	2011	120
837	107	2012	120
838	107	2013	120
839	107	2014	180
840	107	2015	210
841	107	2016	220
842	107	2017	270
843	107	2018	270
844	108	2002	570
845	108	2003	410
846	108	2004	530
847	108	2005	530
848	108	2006	410
849	108	2007	490
850	108	2008	500
851	108	2009	550
852	108	2010	470
853	108	2011	470
854	108	2012	470
855	108	2013	470
856	108	2014	650
857	108	2015	750
858	108	2016	780
859	108	2017	950
860	108	2018	950
861	109	2002	100
862	109	2003	80
863	109	2004	100
864	109	2005	50
865	109	2006	40
866	109	2007	50
867	109	2008	70
868	109	2010	50
869	109	2011	70
870	109	2013	90
871	109	2014	130
872	109	2015	150
873	109	2016	160
874	109	2017	200
875	109	2018	200
876	110	2002	350
877	110	2003	340
878	110	2004	440
879	110	2005	240
880	110	2006	130
881	110	2007	160
882	110	2008	180
883	110	2009	200
884	110	2010	170
885	110	2011	170
886	110	2012	170
887	110	2013	170
888	110	2014	240
889	110	2015	280
890	110	2016	290
891	110	2017	360
892	110	2018	360
893	111	2002	1380
894	111	2003	1200
895	111	2004	1560
896	111	2005	1560
897	111	2006	1240
898	111	2007	1290
899	111	2008	1310
900	111	2009	1370
901	111	2010	1220
902	111	2011	1220
903	111	2012	1220
904	111	2013	1220
905	111	2014	1700
906	111	2015	1950
907	111	2016	2010
908	111	2017	2450
909	111	2018	2450
910	112	2002	290
911	112	2003	200
912	112	2004	260
913	112	2005	260
914	112	2006	190
915	112	2007	190
916	112	2008	200
917	112	2009	200
918	112	2010	160
919	112	2011	160
920	112	2012	160
921	112	2013	160
922	112	2014	230
923	112	2015	260
924	112	2016	270
925	112	2017	330
926	112	2018	330
927	114	2002	390
928	114	2003	270
929	114	2004	350
930	114	2005	350
931	114	2006	270
932	114	2007	230
933	114	2008	240
934	114	2009	240
935	114	2010	210
936	114	2011	210
937	114	2012	210
938	114	2013	210
939	114	2014	300
940	114	2015	340
941	114	2016	350
942	114	2017	430
943	114	2018	430
944	115	2002	30
945	115	2003	30
946	115	2004	50
947	116	2007	200
948	116	2008	230
949	116	2009	250
950	116	2010	210
951	116	2011	210
952	116	2012	210
953	116	2013	210
954	116	2014	300
955	116	2015	340
956	116	2016	350
957	116	2017	430
958	116	2018	430
959	117	2002	500
960	117	2003	350
961	117	2004	460
962	117	2005	460
963	117	2006	290
964	117	2007	230
965	117	2008	250
966	117	2009	290
967	117	2010	250
968	117	2011	250
969	117	2012	250
970	117	2013	250
971	117	2014	360
972	117	2015	410
973	117	2016	420
974	117	2017	210
975	117	2018	210
976	118	2002	270
977	118	2003	190
978	118	2004	250
979	118	2005	250
980	118	2006	190
981	118	2007	230
982	118	2008	240
983	118	2009	240
984	118	2010	200
985	118	2011	200
986	118	2012	200
987	118	2013	200
988	120	2002	790
989	120	2003	670
990	120	2004	870
991	120	2005	870
992	120	2006	660
993	120	2007	690
994	120	2008	690
995	120	2009	690
996	120	2010	600
997	120	2011	600
998	120	2012	600
999	120	2013	600
1000	120	2014	830
1001	120	2015	950
1002	120	2016	980
1003	120	2017	1180
1004	122	2002	820
1005	122	2003	740
1006	122	2004	960
1007	122	2005	960
1008	122	2006	700
1009	122	2007	800
1010	122	2008	840
1011	122	2009	890
1012	122	2010	770
1013	122	2011	770
1014	122	2012	770
1015	122	2013	770
1016	122	2014	1060
1017	122	2015	1210
1018	122	2016	1250
1019	122	2017	1510
1020	122	2018	1510
1021	127	2002	590
1022	127	2003	550
1023	127	2004	720
1024	127	2005	720
1025	127	2006	570
1026	127	2007	580
1027	127	2008	590
1028	127	2009	620
1029	127	2010	530
1030	127	2011	530
1031	127	2012	530
1032	127	2013	530
1033	127	2014	740
1034	127	2015	850
1035	127	2016	870
1036	127	2017	700
1037	127	2018	700
1038	128	2002	270
1039	128	2003	250
1040	128	2004	330
1041	128	2005	350
1042	128	2006	300
1043	128	2007	360
1044	128	2008	400
1045	128	2009	490
1046	128	2010	400
1047	128	2011	400
1048	128	2012	400
1049	128	2013	400
1050	128	2014	560
1051	128	2015	640
1052	128	2016	660
1053	128	2017	800
1054	128	2018	690
1055	133	2002	300
1056	133	2003	250
1057	133	2004	330
1058	133	2005	330
1059	133	2006	190
1060	133	2007	230
1061	133	2008	230
1062	133	2009	270
1063	133	2010	210
1064	133	2011	210
1065	133	2012	210
1066	133	2013	210
1067	133	2014	300
1068	133	2015	350
1069	133	2016	360
1070	133	2017	440
1071	133	2018	440
1072	134	2002	340
1073	134	2003	320
1074	134	2004	420
1075	134	2005	420
1076	134	2006	330
1077	134	2007	400
1078	134	2008	420
1079	134	2009	450
1080	134	2010	390
1081	134	2011	390
1082	134	2012	390
1083	134	2013	390
1084	134	2014	550
1085	134	2015	630
1086	134	2016	650
1087	134	2017	790
1088	134	2018	790
1089	137	2002	100
1090	137	2003	80
1091	137	2004	100
1092	137	2005	100
1093	137	2006	70
1094	137	2007	80
1095	137	2008	90
1096	137	2009	90
1097	137	2010	70
1098	137	2011	70
1099	137	2012	70
1100	137	2013	70
1101	137	2014	110
1102	137	2015	130
1103	137	2016	130
1104	137	2017	170
1105	137	2018	170
1106	138	2002	320
1107	138	2003	300
1108	138	2004	390
1109	138	2005	300
1110	138	2006	210
1111	138	2007	250
1112	138	2008	260
1113	138	2009	260
1114	138	2010	200
1115	138	2011	200
1116	138	2012	200
1117	138	2013	200
1118	138	2014	290
1119	138	2015	330
1120	138	2016	340
1121	138	2017	420
1122	138	2018	420
1123	140	2002	640
1124	140	2003	510
1125	140	2004	660
1126	140	2005	660
1127	140	2006	540
1128	140	2007	470
1129	140	2009	470
1130	140	2010	400
1131	140	2011	400
1132	140	2012	400
1133	140	2013	400
1134	140	2014	560
1135	140	2015	640
1136	140	2016	660
1137	140	2017	1000
1138	140	2018	1000
1139	143	2002	500
1140	143	2003	420
1141	143	2004	550
1142	143	2005	550
1143	143	2006	340
1144	143	2007	340
1145	143	2008	350
1146	143	2009	360
1147	143	2010	310
1148	143	2011	310
1149	143	2012	310
1150	143	2013	310
1151	143	2014	440
1152	143	2015	500
1153	143	2016	520
1154	143	2017	630
1155	143	2018	630
1156	145	2002	240
1157	145	2003	180
1158	145	2004	230
1159	145	2005	230
1160	145	2006	170
1161	145	2007	170
1162	145	2008	170
1163	145	2009	170
1164	145	2010	120
1165	145	2011	120
1166	145	2012	120
1167	145	2013	120
1168	145	2014	180
1169	145	2015	210
1170	145	2016	210
1171	145	2017	260
1172	145	2018	260
1173	146	2002	240
1174	146	2003	210
1175	146	2004	270
1176	146	2005	200
1177	146	2006	150
1178	146	2007	150
1179	146	2008	160
1180	146	2009	160
1181	146	2010	140
1182	146	2011	140
1183	146	2012	140
1184	146	2013	140
1185	146	2014	200
1186	146	2015	300
1187	146	2016	350
1188	146	2017	580
1189	146	2018	480
1190	148	2002	170
1191	148	2003	140
1192	148	2004	170
1193	148	2005	170
1194	148	2006	90
1195	148	2007	70
1196	149	2002	670
1197	149	2003	590
1198	149	2004	770
1199	149	2005	900
1200	149	2006	700
1201	149	2007	600
1202	149	2008	640
1203	149	2009	700
1204	149	2010	620
1205	149	2011	620
1206	149	2012	620
1207	149	2013	620
1208	149	2014	870
1209	149	2015	990
1210	149	2016	1020
1211	149	2017	1230
1212	149	2018	1230
1213	150	2002	130
1214	150	2003	120
1215	150	2004	180
1216	150	2005	200
1217	150	2006	150
1218	150	2007	120
1219	150	2008	140
1220	150	2009	150
1221	150	2010	120
1222	150	2011	120
1223	150	2012	120
1224	150	2013	120
1225	150	2014	180
1226	150	2015	210
1227	150	2016	220
1228	150	2017	270
1229	151	2002	120
1230	151	2003	110
1231	151	2004	160
1232	151	2005	260
1233	151	2006	190
1234	151	2007	200
1235	151	2008	210
1236	151	2009	240
1237	151	2010	210
1238	151	2011	210
1239	151	2012	210
1240	151	2013	210
1241	152	2006	150
1242	152	2007	150
1243	152	2008	160
1244	152	2009	150
1245	152	2010	120
1246	152	2011	120
1247	152	2012	120
1248	152	2013	120
1249	152	2014	180
1250	152	2015	210
1251	152	2016	220
1252	152	2017	270
1253	152	2018	270
1254	154	2002	420
1255	154	2003	350
1256	154	2004	460
1257	154	2005	460
1258	154	2006	300
1259	154	2007	360
1260	154	2008	370
1261	154	2009	400
1262	154	2010	340
1263	154	2011	340
1264	154	2012	340
1265	154	2013	340
1266	154	2014	480
1267	154	2015	550
1268	154	2016	570
1269	154	2017	690
1270	154	2018	690
1271	156	2002	670
1272	156	2003	640
1273	156	2004	830
1274	156	2005	830
1275	156	2006	600
1276	156	2007	570
1277	156	2008	580
1278	156	2009	580
1279	156	2010	500
1280	156	2011	500
1281	156	2012	500
1282	156	2013	500
1283	156	2014	700
1284	156	2015	800
1285	156	2016	830
1286	156	2017	750
1287	156	2018	750
1288	157	2002	100
1289	157	2003	70
1290	157	2004	90
1291	157	2005	60
1292	157	2006	40
1293	157	2007	50
1294	157	2008	70
1295	157	2010	60
1296	157	2011	60
1297	157	2013	90
1298	157	2014	130
1299	157	2015	150
1300	157	2016	150
1301	157	2017	190
1302	159	2002	620
1303	159	2003	560
1304	159	2004	730
1305	159	2005	730
1306	159	2006	500
1307	159	2007	500
1308	159	2008	530
1309	159	2009	530
1310	159	2010	460
1311	159	2011	460
1312	159	2012	460
1313	159	2013	460
1314	159	2014	640
1315	159	2015	740
1316	159	2016	770
1317	159	2017	940
1318	159	2018	830
1319	161	2002	200
1320	161	2003	190
1321	161	2004	190
1322	161	2005	100
1323	161	2006	40
1324	161	2007	30
1325	161	2008	50
1326	161	2009	80
1327	161	2010	70
1328	161	2011	70
1329	161	2012	70
1330	161	2013	70
1331	161	2014	110
1332	161	2015	130
1333	161	2016	130
1334	165	2002	300
1335	165	2003	250
1336	165	2004	330
1337	165	2005	330
1338	165	2006	170
1339	165	2007	200
1340	165	2008	210
1341	165	2009	250
1342	165	2010	200
1343	165	2011	200
1344	165	2012	200
1345	165	2013	200
1346	165	2014	290
1347	165	2015	330
1348	165	2016	340
1349	165	2017	420
1350	165	2018	420
1351	169	2002	810
1352	169	2003	680
1353	169	2004	880
1354	169	2005	880
1355	169	2006	600
1356	169	2007	700
1357	169	2008	740
1358	169	2009	850
1359	169	2010	760
1360	169	2011	760
1361	169	2012	760
1362	169	2013	760
1363	169	2014	1060
1364	169	2015	1060
1365	169	2016	1090
1366	169	2017	1320
1367	169	2018	1430
1368	170	2002	170
1369	170	2003	150
1370	170	2004	200
1371	170	2005	100
1372	170	2006	70
1373	170	2007	80
1374	170	2008	90
1375	170	2009	90
1376	170	2010	80
1377	170	2011	80
1378	171	2002	660
1379	171	2003	540
1380	171	2004	700
1381	171	2005	700
1382	171	2006	510
1383	171	2007	440
1384	171	2008	500
1385	171	2009	500
1386	171	2010	430
1387	171	2011	430
1388	171	2012	430
1389	171	2013	430
1390	171	2014	600
1391	171	2015	690
1392	171	2016	720
1393	171	2017	880
1394	171	2018	880
1395	172	2002	890
1396	172	2003	750
1397	172	2004	980
1398	172	2005	980
1399	172	2006	770
1400	172	2007	810
1401	172	2008	830
1402	172	2009	860
1403	172	2010	760
1404	172	2011	760
1405	172	2012	760
1406	172	2013	760
1407	172	2014	1060
1408	172	2015	1210
1409	172	2016	1250
1410	172	2017	1510
1411	172	2018	1510
1412	177	2002	390
1413	177	2003	270
1414	177	2004	350
1415	177	2005	350
1416	177	2006	280
1417	177	2007	340
1418	177	2008	350
1419	177	2013	380
1420	177	2014	530
1421	177	2015	610
1422	177	2016	630
1423	177	2017	770
1424	177	2018	770
1425	178	2002	130
1426	178	2003	120
1427	178	2004	160
1428	178	2005	140
1429	178	2006	90
1430	178	2007	110
1431	178	2008	120
1432	178	2009	130
1433	178	2010	100
1434	178	2011	100
1435	178	2012	100
1436	178	2013	100
1437	178	2014	150
1438	178	2015	170
1439	178	2016	180
1440	178	2017	230
1441	178	2018	290
1442	179	2002	520
1443	179	2003	440
1444	179	2004	570
1445	179	2005	570
1446	179	2006	350
1447	179	2007	400
1448	179	2008	400
1449	179	2009	400
1450	179	2010	340
1451	179	2011	340
1452	179	2012	340
1453	179	2013	340
1454	179	2014	480
1455	179	2015	550
1456	179	2016	210
1457	179	2017	260
1458	179	2018	260
1459	182	2002	130
1460	182	2003	120
1461	182	2004	160
1462	182	2005	160
1463	182	2006	110
1464	182	2007	130
1465	182	2008	140
1466	182	2009	140
1467	182	2010	110
1468	182	2011	110
1469	182	2012	110
1470	182	2013	110
1471	182	2014	160
1472	182	2015	180
1473	182	2016	190
1474	182	2017	240
1475	182	2018	240
1476	183	2002	520
1477	183	2003	450
1478	183	2004	590
1479	183	2005	590
1480	183	2006	380
1481	183	2007	350
1482	183	2008	350
1483	183	2009	380
1484	183	2010	350
1485	183	2011	350
1486	183	2012	350
1487	183	2013	400
1488	183	2014	550
1489	183	2015	630
1490	183	2016	650
1491	183	2017	800
1492	183	2018	600
1493	184	2002	300
1494	184	2003	210
1495	184	2004	270
1496	184	2005	270
1497	184	2006	210
1498	184	2007	250
1499	184	2008	260
1500	184	2009	280
1501	184	2010	240
1502	184	2011	240
1503	184	2012	240
1504	184	2013	240
1505	184	2014	340
1506	184	2015	390
1507	184	2016	400
1508	184	2017	490
1509	184	2018	600
1510	186	2002	710
1511	186	2003	500
1512	186	2004	650
1513	186	2005	650
1514	186	2006	400
1515	186	2007	360
1516	186	2008	360
1517	186	2010	50
1518	186	2011	308
1519	186	2012	310
1520	186	2013	360
1521	186	2014	510
1522	186	2015	590
1523	186	2016	610
1524	186	2017	750
1525	186	2018	750
1526	188	2002	270
1527	188	2003	190
1528	188	2004	250
1529	188	2005	200
1530	188	2006	150
1531	188	2007	180
1532	188	2008	180
1533	188	2009	180
1534	188	2010	130
1535	188	2011	130
1536	188	2012	130
1537	188	2013	130
1538	188	2014	190
1539	189	2002	840
1540	189	2003	740
1541	189	2004	960
1542	189	2005	960
1543	189	2006	660
1544	189	2007	700
1545	189	2008	740
1546	189	2009	720
1547	189	2010	620
1548	189	2011	620
1549	189	2012	620
1550	189	2013	620
1551	189	2014	860
1552	189	2015	990
1553	189	2016	1020
1554	189	2017	1020
1555	189	2018	740
1556	190	2002	610
1557	190	2003	430
1558	190	2004	560
1559	191	2002	640
1560	191	2003	540
1561	191	2004	700
1562	191	2005	700
1563	191	2006	500
1564	191	2007	600
1565	191	2008	660
1566	191	2009	740
1567	191	2010	680
1568	191	2011	680
1569	191	2012	680
1570	191	2013	680
1571	191	2014	950
1572	191	2015	1080
1573	191	2016	1120
1574	191	2017	1350
1575	191	2018	1350
1576	192	2002	1210
1577	192	2003	990
1578	192	2004	1350
1579	192	2005	1350
1580	192	2006	1010
1581	192	2007	1110
1582	192	2008	1150
1583	192	2009	1200
1584	192	2010	1060
1585	192	2011	1060
1586	192	2012	1060
1587	192	2013	1060
1588	192	2014	1410
1589	192	2015	1410
1590	192	2016	1450
1591	192	2017	1730
1592	193	2002	710
1593	193	2003	570
1594	193	2004	740
1595	193	2005	740
1596	193	2006	500
1597	193	2007	470
1598	193	2008	480
1599	193	2009	480
1600	193	2010	410
1601	193	2011	410
1602	193	2012	410
1603	193	2013	410
1604	193	2014	570
1605	193	2015	660
1606	193	2016	680
1607	193	2017	830
1608	193	2018	830
1609	199	2002	130
1610	199	2003	110
1611	199	2004	140
1612	199	2005	140
1613	199	2006	100
1614	199	2007	120
1615	199	2009	130
1616	199	2010	110
1617	199	2011	110
1618	199	2012	110
1619	199	2013	110
1620	199	2014	160
1621	199	2015	180
1622	199	2016	190
1623	199	2017	240
1624	199	2018	240
1625	200	2002	120
1626	200	2003	110
1627	200	2004	200
1628	200	2005	250
1629	200	2006	200
1630	200	2007	240
1631	200	2008	250
1632	200	2009	250
1633	200	2010	180
1634	200	2011	180
1635	200	2012	180
1636	200	2013	180
1637	200	2014	260
1638	200	2015	300
1639	200	2016	310
1640	200	2017	380
1641	200	2018	380
1642	202	2002	350
1643	202	2003	250
1644	202	2004	330
1645	202	2005	230
1646	202	2006	140
1647	202	2007	170
1648	202	2008	180
1649	202	2009	180
1650	202	2010	170
1651	202	2012	180
1652	202	2013	180
1653	202	2014	700
1654	202	2015	800
1655	202	2016	830
1656	202	2017	1000
1657	202	2018	1000
1658	204	2002	1280
1659	204	2003	1020
1660	204	2004	1330
1661	204	2005	1330
1662	204	2006	1100
1663	204	2007	1210
1664	204	2008	1230
1665	204	2009	1420
1666	204	2010	1250
1667	204	2011	1250
1668	204	2012	1250
1669	204	2013	1300
1670	204	2014	1920
1671	204	2015	2200
1672	204	2016	2280
1673	204	2017	2750
1674	204	2018	2750
1675	205	2002	120
1676	205	2003	80
1677	205	2004	100
1678	205	2005	80
1679	205	2006	50
1680	205	2007	60
1681	205	2008	80
1682	205	2009	80
1683	205	2010	70
1684	205	2011	70
1685	205	2012	70
1686	205	2013	100
1687	207	2002	520
1688	207	2003	360
1689	207	2004	470
1690	207	2005	470
1691	207	2006	300
1692	207	2007	360
1693	207	2008	380
1694	207	2009	380
1695	207	2010	330
1696	207	2011	330
1697	207	2012	330
1698	207	2013	330
1699	207	2014	480
1700	207	2015	550
1701	207	2016	570
1702	207	2017	690
1703	207	2018	690
1704	209	2002	1080
1705	209	2003	850
1706	209	2004	1110
1707	209	2005	1110
1708	209	2006	850
1709	209	2007	920
1710	209	2008	930
1711	209	2009	930
1712	209	2010	820
1713	209	2011	820
1714	209	2012	820
1715	209	2013	820
1716	209	2014	1130
1717	209	2015	1290
1718	209	2016	1340
1719	209	2017	1630
1720	209	2018	1260
1721	211	2002	340
1722	211	2003	320
1723	211	2004	420
1724	211	2005	420
1725	211	2006	240
1726	211	2007	210
1727	211	2008	220
1728	211	2009	220
1729	211	2010	190
1730	211	2011	190
1731	211	2012	190
1732	211	2013	190
1733	211	2014	270
1734	211	2015	310
1735	211	2016	320
1736	211	2017	400
1737	211	2018	400
1738	216	2002	610
1739	216	2003	430
1740	216	2004	560
1741	216	2005	560
1742	216	2006	340
1743	216	2007	410
1744	216	2008	420
1745	216	2009	420
1746	216	2010	360
1747	216	2011	360
1748	216	2012	360
1749	216	2013	360
1750	216	2014	510
1751	216	2015	590
1752	216	2016	610
1753	216	2017	740
1754	216	2018	740
1755	221	2013	180
1756	221	2014	260
1757	221	2015	260
1758	221	2016	270
1759	221	2017	330
1760	221	2018	330
1761	222	2018	290
1762	223	2002	770
1763	223	2003	700
1764	223	2004	910
1765	223	2005	990
1766	223	2006	700
1767	223	2007	760
1768	223	2008	770
1769	223	2009	770
1770	223	2010	660
1771	223	2011	660
1772	223	2012	660
1773	223	2013	660
1774	223	2014	920
1775	223	2015	1050
1776	223	2016	1090
1777	223	2017	1330
1778	223	2018	1330
1779	224	2002	250
1780	224	2003	200
1781	224	2004	260
1782	224	2005	160
1783	224	2006	90
1784	224	2007	110
1785	224	2008	120
1786	224	2009	100
1787	224	2010	80
1788	224	2011	80
1789	224	2012	80
1790	224	2013	80
1791	224	2014	120
1792	224	2015	140
1793	225	2002	570
1794	225	2003	400
1795	225	2004	520
1796	225	2005	520
1797	225	2006	410
1798	225	2007	490
1799	225	2008	490
1800	225	2009	450
1801	225	2010	390
1802	225	2011	390
1803	225	2012	390
1804	225	2013	390
1805	225	2014	550
1806	225	2015	630
1807	225	2016	650
1808	225	2017	790
1809	225	2018	790
1810	228	2002	70
1811	228	2003	60
1812	228	2004	80
1813	228	2005	50
1814	228	2006	40
1815	228	2007	50
1816	228	2008	50
1817	228	2009	70
1818	228	2010	60
1819	228	2011	60
1820	228	2012	60
1821	228	2013	60
1822	228	2014	90
1823	228	2015	100
1824	228	2016	100
1825	228	2017	130
1826	228	2018	130
1827	229	2002	340
1828	229	2003	320
1829	229	2004	390
1830	229	2005	300
1831	229	2006	190
1832	229	2007	190
1833	229	2008	200
1834	229	2009	170
1835	229	2010	130
1836	229	2011	150
1837	229	2012	150
1838	229	2013	150
1839	229	2014	230
1840	229	2015	260
1841	229	2016	270
1842	229	2017	340
1843	229	2018	340
1844	230	2002	70
1845	230	2003	50
1846	230	2004	70
1847	230	2005	70
1848	230	2006	40
1849	230	2007	40
1850	230	2008	50
1851	230	2009	50
1852	230	2010	50
1853	230	2011	50
1854	230	2012	50
1855	230	2013	50
1856	230	2014	80
1857	230	2015	90
1858	230	2016	90
1859	230	2017	120
1860	230	2018	120
1861	231	2008	250
1862	231	2009	250
1863	231	2010	220
1864	231	2011	250
1865	231	2012	250
1866	231	2013	250
1867	231	2014	360
1868	231	2015	410
1869	231	2016	370
1870	231	2017	460
1871	231	2018	460
1872	232	2002	1010
1873	232	2003	850
1874	232	2004	1110
1875	232	2005	1110
1876	232	2006	780
1877	232	2007	800
1878	232	2008	810
1879	232	2010	720
1880	232	2011	720
1881	232	2012	720
1882	232	2013	720
1883	232	2014	1000
1884	232	2015	1140
1885	232	2016	1180
1886	232	2017	1440
1887	232	2018	1440
1888	233	2002	1280
1889	233	2003	1080
1890	233	2004	1400
1891	233	2005	1400
1892	233	2006	1030
1893	233	2007	1120
1894	233	2008	1200
1895	233	2009	1350
1896	233	2010	1190
1897	233	2011	1240
1898	233	2012	1240
1899	233	2013	1240
1900	233	2014	1720
1901	233	2015	1970
1902	233	2016	2040
1903	233	2017	2450
1904	233	2018	1760
1905	234	2002	440
1906	234	2003	310
1907	234	2004	400
1908	234	2005	480
1909	234	2006	400
1910	234	2007	400
1911	234	2008	410
1912	234	2009	450
1913	234	2010	370
1914	234	2011	370
1915	234	2012	370
1916	234	2013	370
1917	234	2014	520
1918	234	2015	600
1919	234	2016	620
1920	234	2017	760
1921	234	2018	1020
1922	235	2002	500
1923	235	2003	350
1924	235	2004	460
1925	235	2005	460
1926	235	2006	360
1927	235	2007	430
1928	235	2008	440
1929	235	2009	410
1930	235	2010	350
1931	235	2011	350
1932	235	2012	350
1933	235	2013	350
1934	235	2014	490
1935	235	2015	560
1936	235	2016	580
1937	235	2017	720
1938	235	2018	720
1939	236	2002	290
1940	236	2003	220
1941	236	2004	290
1942	236	2005	290
1943	236	2006	190
1944	236	2007	230
1945	236	2008	230
1946	236	2009	230
1947	236	2010	200
1948	236	2011	200
1949	236	2013	210
1950	236	2014	300
1951	236	2015	340
1952	236	2016	350
1953	236	2017	440
1954	236	2018	440
1955	238	2002	670
1956	238	2003	590
1957	238	2004	770
1958	238	2005	770
1959	238	2006	500
1960	238	2007	520
1961	238	2008	530
1962	238	2009	530
1963	238	2010	450
1964	238	2011	450
1965	238	2012	450
1966	238	2013	450
1967	238	2014	630
1968	238	2015	720
1969	238	2016	740
1970	238	2017	910
1971	238	2018	910
1972	240	2002	80
1973	240	2003	70
1974	240	2004	90
1975	240	2005	60
1976	240	2006	40
1977	240	2007	50
1978	240	2009	50
1979	240	2010	50
1980	240	2011	50
1981	240	2012	50
1982	240	2013	50
1983	240	2014	80
1984	240	2015	90
1985	240	2016	90
1986	240	2017	120
1987	240	2018	120
1988	242	2002	910
1989	242	2003	840
1990	242	2004	1090
1991	242	2005	1090
1992	242	2006	800
1993	242	2007	890
1994	242	2008	900
1995	242	2009	900
1996	242	2010	790
1997	242	2011	790
1998	242	2012	790
1999	242	2013	790
2000	242	2014	1090
2001	242	2015	1240
2002	242	2016	1280
2003	242	2017	1540
2004	242	2018	1540
2338	159	2019	830
2339	114	2019	430
2340	51	2019	880
2341	83	2019	990
2342	222	2019	290
2343	186	2019	750
2344	61	2019	320
2345	8	2019	230
2346	25	2019	750
2347	7	2019	240
2348	111	2019	2010
2349	73	2019	740
2350	39	2019	420
2351	9	2019	190
2352	122	2019	1510
2353	233	2019	1760
2354	19	2019	1700
2355	50	2019	550
2356	156	2019	750
2357	178	2019	290
2358	182	2019	240
2359	221	2019	330
2360	52	2019	120
2361	109	2019	200
2362	108	2019	950
2363	103	2019	820
2364	183	2019	600
2365	169	2019	1430
2366	242	2019	1540
2367	69	2019	340
2368	89	2019	290
2369	36	2019	530
2370	211	2019	400
2371	209	2019	1260
2372	229	2019	340
2373	53	2019	790
2374	80	2019	1000
2375	146	2019	480
2376	193	2019	830
2377	57	2019	170
2378	184	2019	600
2379	192	2019	1730
2380	235	2019	720
2381	112	2019	330
2382	107	2019	240
2383	127	2019	530
2384	152	2019	270
2385	66	2019	1030
2386	179	2019	260
2387	236	2019	440
2388	200	2019	380
2389	165	2019	420
2390	138	2019	420
2391	216	2019	740
2392	47	2019	370
2393	150	2019	270
2394	145	2019	260
2395	101	2019	120
2396	18	2019	160
2397	56	2019	900
2398	86	2019	570
2399	171	2019	880
2400	202	2019	845
2401	204	2019	2750
2402	110	2019	360
2403	199	2019	240
2404	232	2019	1440
2405	23	2019	740
2406	238	2019	910
2407	225	2019	790
2408	85	2019	140
2409	59	2019	470
2410	17	2019	260
2411	234	2019	1020
2412	223	2019	1330
2413	189	2019	740
2414	116	2019	430
2415	97	2019	370
2416	93	2019	390
2417	78	2019	710
2418	11	2019	650
2419	91	2019	440
2420	128	2019	690
2421	140	2019	1000
2422	143	2019	630
2423	191	2019	1350
2424	133	2019	440
2425	149	2019	1230
2426	240	2019	120
2427	6	2019	300
2428	40	2019	320
2429	63	2019	460
2430	134	2019	790
2431	154	2019	690
2432	177	2019	770
2433	228	2019	130
2434	231	2019	460
2435	87	2019	600
2436	207	2019	565
2437	48	2019	550
2438	95	2019	680
2439	115	2019	320
2440	117	2019	300
2441	137	2019	170
2442	5	2019	1010
2443	12	2019	360
2444	34	2019	120
2445	44	2019	1020
2446	104	2019	1350
2447	233	2020	1760
2448	171	2020	880
2449	83	2020	990
2450	235	2020	720
2451	39	2020	420
2452	122	2020	1510
2453	111	2020	2010
2454	61	2020	320
2455	138	2020	420
2456	192	2020	1730
2457	110	2020	360
2458	209	2020	1260
2459	56	2020	900
2460	51	2020	880
2461	7	2020	240
2462	9	2020	190
2463	159	2020	830
2464	179	2020	260
2465	149	2020	1230
2466	66	2020	1030
2467	236	2020	440
2468	103	2020	820
2469	6	2020	300
2470	184	2020	600
2471	178	2020	290
2472	152	2020	270
2473	156	2020	750
2474	128	2020	690
2475	145	2020	260
2476	11	2020	650
2477	234	2020	1020
2478	50	2020	550
2479	25	2020	750
2480	112	2020	330
2481	222	2020	580
2482	73	2020	740
2483	52	2020	120
2484	93	2020	390
2485	63	2020	460
2486	223	2020	1330
2487	183	2020	600
2488	17	2020	260
2489	16	2020	260
2490	232	2020	1440
2491	200	2020	380
2492	47	2020	370
2493	191	2020	1350
2494	182	2020	240
2495	78	2020	710
2496	23	2020	740
2497	117	2020	300
2498	231	2020	460
2499	40	2020	320
2500	154	2020	690
2501	36	2020	530
2502	140	2020	1000
2503	228	2020	130
2504	165	2020	420
2505	95	2020	680
2506	53	2020	790
2507	225	2020	790
2508	87	2020	600
2509	177	2020	770
2510	101	2020	120
2511	44	2020	1020
2512	5	2020	1010
2513	89	2020	290
2514	85	2020	140
2515	137	2020	170
2516	238	2020	910
2517	134	2020	790
2518	8	2020	230
2519	104	2020	1350
2520	48	2020	550
2521	91	2020	440
2522	19	2020	1700
2523	186	2020	750
2524	57	2020	170
2525	133	2020	440
2526	211	2020	400
2527	242	2020	1540
2528	108	2020	950
2529	169	2020	1430
2530	69	2020	340
2531	12	2020	360
2532	202	2020	845
2533	204	2020	2750
2534	107	2020	240
2535	216	2020	740
2536	127	2020	530
2537	116	2020	430
2538	189	2020	740
2539	229	2020	340
2540	150	2020	270
2541	143	2020	630
2542	114	2020	430
2543	204	2020	2750
2544	202	2020	845
2545	80	2020	1000
2546	240	2020	120
2547	193	2020	830
2548	146	2020	480
2549	221	2020	330
2550	86	2020	570
2551	97	2020	370
2654	5	2021	1202
2655	6	2021	153
2656	7	2021	200
2657	8	2021	99
2658	9	2021	93
2659	11	2021	285
2660	12	2021	867
2661	17	2021	638
2662	18	2021	256
2663	19	2021	2426
2664	23	2021	437
2665	25	2021	1386
2666	36	2021	577
2667	39	2021	850
2668	40	2021	235
2669	44	2021	1515
2670	47	2021	616
2671	48	2021	565
2672	50	2021	555
2673	51	2021	737
2674	53	2021	807
2675	56	2021	4139
2676	57	2021	235
2677	59	2021	641
2678	61	2021	308
2679	63	2021	1064
2680	66	2021	1520
2681	69	2021	146
2682	73	2021	471
2683	78	2021	1232
2684	80	2021	931
2685	83	2021	750
2686	86	2021	387
2687	87	2021	546
2688	89	2021	233
2689	91	2021	491
2690	93	2021	165
2691	95	2021	819
2692	97	2021	56
2693	101	2021	24
2694	103	2021	985
2695	104	2021	223
2696	107	2021	267
2697	108	2021	767
2698	110	2021	365
2699	111	2021	3011
2700	112	2021	212
2701	114	2021	143
2702	116	2021	2
2703	117	2021	575
2704	120	2021	1654
2705	122	2021	1811
2706	127	2021	718
2707	128	2021	448
2708	133	2021	680
2709	134	2021	907
2710	137	2021	248
2711	138	2021	159
2712	140	2021	669
2713	143	2021	699
2714	145	2021	410
2715	149	2021	568
2716	151	2021	76
2717	152	2021	158
2718	154	2021	881
2719	156	2021	1088
2720	159	2021	410
2721	165	2021	314
2722	169	2021	2058
2723	171	2021	492
2724	172	2021	1284
2725	177	2021	391
2726	178	2021	51
2727	179	2021	680
2728	182	2021	156
2729	183	2021	486
2730	184	2021	377
2731	186	2021	359
2732	189	2021	1181
2733	191	2021	1178
2734	192	2021	1842
2735	193	2021	856
2736	200	2021	875
2737	202	2021	467
2738	204	2021	3428
2739	209	2021	1142
2740	211	2021	227
2741	216	2021	634
2742	221	2021	501
2743	222	2021	44
2744	223	2021	626
2745	225	2021	694
2746	250	2021	859
2747	228	2021	298
2748	231	2021	56
2749	232	2021	1745
2750	233	2021	1753
2751	234	2021	348
2752	235	2021	443
2753	236	2021	598
2754	238	2021	343
2755	242	2021	1845